user_id,subscription,first_name,last_name
user_6b7c5eb8-530c-4176-b438-6bce401b476b,monthly,Anne,Bowers
user_f10048b1-22b6-4946-9c64-ee72861f81a0,monthly,Nathan,Love
user_4507d621-9cf5-4b66-91df-970ae966ce6d,monthly,Tracy,Banks
user_6f33f39e-7659-4673-bd80-ca11394424b0,yearly,Aaron,Carson
user_fd0b54b6-0aa5-4cb0-8eec-502dc2c5307e,monthly,Christine,Nunez
user_3f05cd62-2de4-48e4-848b-09a680b6337a,free,Michelle,Drake
user_8b404e7f-a42f-40f2-9422-69225efbabf9,free,David,Ramirez
user_f6cb31b3-48fa-4cd1-a483-7a59189af5d1,yearly,Jonathan,Evans
user_482a8ed6-d5d3-4d7d-a617-19a5a59c2ab5,monthly,Kristine,Brown
user_ef41dd17-6885-4103-a9d1-038645ef0a7a,monthly,Emily,Peterson
user_2913a0bf-a8c0-401e-9b73-aa7c2544888a,monthly,Nicole,Mcgee
user_3fbded9d-d59a-435c-863f-55f0b086f01e,free,Jason,Swanson
user_9ebe7a86-09cf-406d-9ba2-20a751d16f03,yearly,Kristen,Smith
user_fd5f9010-b064-46bd-b770-8ab5edcc59d8,yearly,Rachel,Schmidt
user_d390582a-b07d-43cc-ae2f-a1bebae4bd9d,yearly,Joseph,Gross
user_2909393f-2d44-4442-a632-80ff5a69d6d9,free,Zoe,Richards
user_d56cafca-9e34-4bf5-be9d-a2c357ffb0d5,monthly,Brian,Morrison
user_10dfa3b6-52b6-43a9-835a-ad110ad50ff2,monthly,Sergio,Hays
user_7f825e94-d6a6-4266-b929-e27f83c202b0,free,Jason,Obrien
user_0ff9f9d8-a907-407b-a71a-e02028e4040d,monthly,Regina,Ballard
user_262fa3ae-4706-432c-b54f-600abb327fb9,yearly,Shannon,Johnson
user_81b9d067-7877-43cf-9793-6fb5ea6f4921,yearly,Richard,Sanders
user_be70d0e1-070d-49e6-9d38-bc3b50036361,monthly,Lynn,Mullins
user_4d3f9e9e-85d4-4656-83d3-6d5844b7bdfd,free,Lynn,Morgan
user_830635e3-cdb5-4664-bc67-6f1b5e775cf6,free,Robert,Bates
user_711954e7-3ed5-4894-adc0-cd8cbc14e1b6,free,Sean,Booker
user_b9f34628-d1ed-4dd3-b5f8-9a5c0663bb23,yearly,Emily,Dixon
user_5c5440c4-3e24-4aa2-885a-4e1b262225d2,monthly,Michael,Hunter
user_83562067-9930-44d8-abfd-9ac6d18ac9ff,yearly,Stephanie,Berry
user_9134647a-eb70-4d25-b9b6-8195d7cdd773,free,Mark,Rivers
user_545bd979-3f64-43f1-aa21-c02f4b7d574b,yearly,Ashlee,Freeman
user_bb4c99bd-1a75-4a63-9c2c-2626c97973dd,yearly,Michelle,Adams
user_eea52b2e-7556-45a0-84fb-e28b1b4bea9d,free,Michael,Mcdonald
user_d055c6b9-f09a-4ec7-bde2-bc10fc9be316,monthly,Teresa,Thomas
user_18a1308e-1387-4681-a370-8e39f06c8ef6,free,Susan,Booth
user_51db6882-d754-4671-98cb-5b0a2e7c8210,yearly,Joshua,Wyatt
user_45819e1a-5ad4-4075-8830-87c77eb66975,yearly,Rebekah,Wilkerson
user_7344b3e4-b695-4c7e-a832-16a2f33640b7,yearly,Stanley,Riley
user_0c039218-3716-486a-b681-291b8bb5b9ec,yearly,Joseph,Davis
user_8588d81c-301f-4444-ae70-de6d34931cbd,yearly,Beth,Copeland
user_499643e8-6d92-4a35-a4f8-444f4d565126,monthly,Timothy,Morris
user_0ea3186a-36d6-40ef-a365-b2feeeec7167,monthly,Alyssa,Garcia
user_073d9f2c-b80c-4112-9a03-b5d9013147b5,free,Amber,Wright
user_3eafc224-9976-446a-ae84-1303e6775331,free,Jason,Davis
user_25b40ebe-cb50-4a6c-b012-97de3e1cd0e5,monthly,Lisa,Townsend
user_e77ed9c9-9f88-4262-9dea-1fe5bde1d82e,monthly,Jennifer,Wyatt
user_49d4de33-f80e-4d33-99cd-5de556ae5e52,monthly,Linda,Warner
user_ef56ef95-1bcd-4591-b1ba-393c6f101e80,free,James,Davenport
user_9862f31f-d30f-46a8-af33-b1494699c552,yearly,Vanessa,Ibarra
user_bfdc5dc7-5680-4af2-8ab7-84155babef91,yearly,Kathryn,Santos
user_fc7070a0-11e1-4cf8-9984-1ff5f51cac53,monthly,Michael,Ramirez
user_8206cb8f-a43e-420d-ba4a-33b72e37c679,free,Willie,Curtis
user_a02449e3-a328-47db-99e3-3ea3acf0f7ef,yearly,Billy,Owens
user_80b63994-e7f9-4f57-ab42-88683a70d183,free,Blake,Johnson
user_f21dfc14-29f4-45a6-983e-862e2a9f5810,monthly,Daniel,Woodard
user_4cd1d47b-00dc-4170-a0a7-6c6a74496371,yearly,Hector,Meyer
user_a5bef8b6-f8f0-47e1-8533-c48e6c257429,monthly,Roy,George
user_720b6abd-7e93-4302-91da-1fabf88366d7,free,Lisa,Moore
user_ef8fe53a-cbe0-4ec0-a2c0-1df9c4057f28,yearly,Travis,Jones
user_35f3d622-8f29-4596-8aad-1a8b77b83826,free,Teresa,Jones
user_a893c527-6a92-4e75-a575-ded3d46e0f74,monthly,James,Bryant
user_4a9ffbf6-5430-45a4-b68e-0ae6f6737d8b,yearly,Steven,Wilson
user_270ed6ba-8f25-4337-abc7-70d6d603c214,monthly,Elizabeth,Myers
user_65271e1c-a6bd-43bf-8554-7b7b4dcc384a,yearly,Sandra,Campbell
user_e16ae7c5-ba23-49aa-9228-06b10e043178,monthly,Charles,Yu
user_a165d08f-01af-4d75-86b0-fe6996d807d8,monthly,Austin,Mills
user_8949836e-cba5-4473-82be-2340094a7103,free,Kyle,Golden
user_f46d5f55-c45e-47f3-9dff-d7d1b644e0a6,free,Edwin,Green
user_6992006b-130a-4ec4-ae76-ebf8739ccf0b,free,Hannah,Schmidt
user_f26dab99-8635-4aad-9355-8e707f7dbc50,yearly,Mark,Allen
user_514187d3-d0c2-4f5e-8389-da1e49c21241,free,Sean,Rice
user_d5feb88c-ce58-46b4-8374-650eed76cf68,monthly,Sarah,Ross
user_18c7c788-f894-4faf-bcfd-a85147994435,free,David,Gaines
user_d466a1ce-756e-497a-a329-96f5b5e815ad,free,Lisa,Erickson
user_00b96163-8656-463c-b5f9-3373f0d8ef8f,monthly,Bruce,Riley
user_f2920b0c-7442-43d1-b208-49e32ecca623,free,Paul,Sanchez
user_acde5b28-aa8a-4dd2-afdf-4a9af389e610,free,Rachel,Goodwin
user_2d4d4039-fe97-4d41-86d6-f02d057c798d,yearly,Lisa,Lopez
user_9f86c941-99e7-4f2e-ac57-d5f0e76110b2,free,Dennis,Michael
user_ddbbf785-2b07-4e5f-9086-10e581860659,monthly,Heather,Smith
user_28adf184-ee46-4e5e-99e7-c8bc77644a91,monthly,Kevin,Mills
user_0b710364-1a30-4352-81b1-49d97055713c,yearly,David,Carroll
user_b5998e55-28e9-4e93-8495-115b4ca122e3,monthly,Kenneth,Stewart
user_705aee01-9e59-4941-a09a-3dcd86480e86,yearly,Shannon,Young
user_e7925774-f0e0-41f2-8f39-7747868782c4,yearly,Kathleen,Gardner
user_822a083b-f1a2-4bf5-9846-5b183c78608b,yearly,Ryan,Anderson
user_23408af7-dfd9-4200-8916-6a603e059418,yearly,Louis,Taylor
user_f5f0530f-e229-401c-b2e7-10a16aec386c,yearly,Linda,Rivera
user_7da5ccfb-2e70-4bbb-9ffc-f87e45f87cf1,yearly,Grant,Clark
user_f199eee3-d986-40ff-b910-b3995c7dad29,yearly,Jordan,Ward
user_7f839d86-1ac5-40e8-adca-e98460a5da7d,free,Linda,Walsh
user_27895cb3-a325-4d85-8e2f-f442847f56f1,yearly,Justin,Krause
user_bab3f848-261f-4056-a865-4f01793058a3,free,Amanda,Miller
user_4446443c-6465-4e16-8990-ebbf428036dd,free,Randall,Sanders
user_c7e37250-8347-4256-8826-0a8c4ee30835,free,Jeffrey,Franco
user_0ce119a8-0202-46d5-bfd8-4293142f0796,yearly,Michael,Scott
user_16a4c782-cb57-4c3b-859d-11eae6fb787b,monthly,Derek,Taylor
user_457ad608-9661-4384-9919-1d89c52fd0de,monthly,Tammy,Villarreal
user_f921401a-7991-4db2-9491-2cb32b4146db,monthly,Stephen,Graham
user_ce56eaf3-7847-4efc-b7c1-95a9e7d72fb1,free,Phillip,Myers
user_b76b00e9-cdd0-422c-85fe-3037f7b5d6e2,yearly,Chad,Parker
user_2fb8b2ca-197c-4c80-8129-edbc7745e89c,free,Carrie,Brown
user_43657ae1-59b5-470e-bfdc-9e4ff7e3be74,yearly,Brandon,Hale
user_377075cd-a1c3-4f19-816c-0fdcfc973607,monthly,Carlos,Robbins
user_14358afa-97ae-43e8-bffc-bccc0a2509e9,free,Jerry,Lopez
user_1fcd340c-aef1-4633-a2e9-c6321864b606,free,Heather,Jones
user_1365ca8e-29e1-463c-9442-736f70ddcd58,free,Karen,Molina
user_b26fbc8f-e3c8-426f-9d4c-77eec730bacd,yearly,Brandy,Richardson
user_6f5fd3e4-5917-46a6-ba38-9fd920edb8d1,monthly,Donald,Griffin
user_0500059c-71c0-420f-a460-d2d933853478,yearly,Corey,Wang
user_2a1e0225-c65e-4ec0-a10c-1c3840c31f9f,monthly,Scott,Woods
user_b899bef7-8fe3-4c2e-bff3-bd3af3c8e344,free,Sean,Holmes
user_60a4da2a-a938-4987-8634-b17942c753e6,yearly,Dominic,Mills
user_c3fdacca-4c39-435a-a2af-39204a0e86e4,monthly,Terri,Pham
user_d383327a-dd9c-4a4f-bbaf-262c7a6d90a0,monthly,Jamie,Farley
user_8929aa6d-3cab-4a72-85f6-6a33d8e69dc7,monthly,Vincent,Young
user_2e34639a-3cb9-44ed-bace-26802cf3790d,monthly,Nicole,Anderson
user_8a0895d7-64ed-42c1-8722-48488d04f4cc,monthly,Michael,Smith
user_2f0ec2c8-552f-4080-8541-bad788fa1e2e,monthly,Melissa,Williams
user_e7e6b288-eccf-4e8d-8ca3-414032972a89,yearly,Edgar,Mckenzie
user_a981db4b-3281-4b60-b3ba-7cffccb7172b,free,Sandra,Malone
user_0d29d7f5-4482-4c26-8c28-7a5538603482,yearly,Jason,Sherman
user_45b6bfb5-8583-4674-b00c-98156f632a17,free,Larry,Morgan
user_5d548e33-55c4-4a8e-b78e-378e83ea5d8b,yearly,Dana,Myers
user_67d94733-c5bc-49e5-be21-214a3ddaaa5c,free,Cameron,Hill
user_745496a3-ac5b-43d6-b52d-ef4bb9a0b918,free,Connie,Huang
user_2697082a-a717-43ac-8f90-ec42f7d0f361,yearly,Paul,Anderson
user_448538a4-46d1-4442-831f-b762264b082d,free,Anthony,Flowers
user_9480a6a0-06fb-4ddd-abe0-15fdbf5c98c2,monthly,Amanda,Johnson
user_83a40c0c-573e-44ec-8cac-b5951513f88b,free,Edwin,Patterson
user_fab19366-0e94-47b5-898d-db834485ceb8,monthly,Deanna,Boyd
user_7d58a4f9-bbec-4f1c-84b0-f316a1e822bc,monthly,Rachel,Riley
user_cb031078-240c-4854-8138-fe501f22aa64,free,Mary,Gallegos
user_e37d7018-7a73-4c72-b008-c528fbbc2dd6,free,Brittany,Graham
user_9e48cbb4-0bf9-43fc-a578-213fae51068b,free,Kevin,Edwards
user_2b168709-9874-4018-a598-95ad3a213715,monthly,Cheryl,Quinn
user_b7d4914f-294f-47fb-8f67-5ba4d7fb4010,monthly,Jenny,Thompson
user_df3e7ef1-4a35-451b-9ee0-539f4dc29e93,yearly,Anita,Howard
user_cc7c0847-e810-43a6-9e92-1a2b2fea6e5c,yearly,Seth,Dodson
user_f4dda0fc-747a-49de-a07e-30d1edf4afb9,yearly,Wendy,Mills
user_b91cf915-487b-42fc-b6b8-6c17935bb755,free,Samantha,West
user_980f1916-c49f-4a20-b22a-ee39d8407abf,monthly,Catherine,Duran
user_30a30bf4-3a4b-4e3a-9daa-173fd669e332,monthly,John,Wilson
user_39c15f65-04ab-4449-acad-af21bb7303e2,free,Alexandria,Lewis
user_a6291f62-2047-4cb5-a90d-6ca1555a342c,monthly,Victoria,Burke
user_29a458a2-83f1-4994-8203-2fdbf3675410,monthly,Doris,Baker
user_89b06832-50b8-460c-acb6-990346ba712c,monthly,Daniel,Wilkins
user_164853c0-5cc1-4d91-953b-877d2a69b2e4,yearly,Savannah,Watson
user_bfefadf1-fae8-4257-b4ce-b54424c56324,monthly,Corey,Vance
user_2005b574-0cbc-4042-aacc-3dc23f7b4696,yearly,Nathan,Torres
user_c2ebec34-bb5b-4b33-8dc5-423cb42a79c6,monthly,Joann,Wallace
user_f0cc11bf-20d6-4830-8418-e8bb1c7d8899,free,Danny,Mitchell
user_117eaf92-ade7-42c1-aa70-396c321629fa,yearly,Danielle,Harvey
user_5a8a930c-b58f-46c7-91f0-ce23d309d19e,yearly,Victor,Malone
user_05f9132b-47fb-4d2b-992c-17b3c4afb2df,free,Savannah,Pugh
user_f0a3d378-74cd-4498-9ef3-5bc90111a6cb,yearly,Melody,Brown
user_7abd2d96-93e9-4c93-9070-786223ee682a,monthly,Isabella,Anthony
user_db7fd54f-2a8e-43a0-a880-c1ca2462bef4,monthly,Stacy,Williams
user_b4e14a8f-8785-4d76-9b28-a28a549f86ff,yearly,Meghan,Hardy
user_368504ea-360c-4aee-9785-3a4d83aa1d1e,free,Dana,Foley
user_a729dc21-7341-44cd-ac50-5a43022216b5,yearly,Jeremy,Clay
user_b6757f94-9328-48f2-b4cf-661bcc3ce4ba,monthly,Jade,Clarke
user_827369a9-7b0e-4937-917e-632d1ed5620f,monthly,Victor,Khan
user_571c8c2b-8e71-4c88-b75c-da51ad3cb784,monthly,Brittany,Martinez
user_e45a0dfb-8675-4ff3-9bd1-4b97d1bd3add,yearly,Jason,Cooper
user_48e21be2-5c5a-445d-b290-92297b33f359,free,Roy,Johnson
user_faaf8189-6071-46a7-affa-db2caee8452d,free,Amber,Brady
user_38eaa9f8-e8fc-4ce4-a8ae-ffb882c1786c,yearly,Kimberly,Wood
user_5a61e935-0fec-4c35-9bc4-58f9e7ecb067,monthly,Raymond,Horn
user_bd870be7-25ae-4da4-8ba4-ccc4defc77df,free,Luis,White
user_95344c49-6053-4a88-bfec-f20407ea8724,monthly,Robert,Smith
user_24fa5b26-e5b7-47dc-8568-5fb7ed458587,monthly,Thomas,Holmes
user_e55c293b-427f-446d-857c-9648d6434c48,yearly,Barbara,Peterson
user_bc206040-0ecd-4160-b082-379527f24ad2,free,Stephanie,Pearson
user_308d331a-db58-4adf-9f98-ea141194d93b,monthly,Amber,Cox
user_050a3f89-a928-4a7d-821a-69c27281adcb,free,Jennifer,White
user_5531ea41-d537-40b1-9b44-73cdbb707486,monthly,Kelsey,Everett
user_3c5d30bc-0ac2-4df1-8574-892d2f666df6,yearly,Hannah,Martin
user_053f9222-6db1-4f5f-88c1-4c33d4632c0f,free,Holly,Woodward
user_f3058dba-08de-45c5-b573-f065122fc79e,yearly,Nicole,Giles
user_4abdb786-0853-4401-87f5-21415dfc2670,yearly,Madison,Cooper
user_230e7640-510f-4161-99db-32262ae50274,monthly,Brittany,Moreno
user_bbd5b1a2-0b2a-49c2-82e9-f458c503d70c,free,Daniel,Herman
user_522093c6-a39e-422b-9ccc-e6c91ada9eed,monthly,Travis,Reid
