user_id,bio,stagename
user_AQrv2BCA,Reveal teacher baby event we collection matter ten. Show society pretty responsibility. Present artist plant such five fast.,
user_-6xZN_3p,Person natural church reach any something better. Production cell air get case agency summer.,elizabeth55
user_Ln1Ae2tE,Structure artist growth prevent money clear Republican. Wind which back property audience simple. Next late marriage cell movement action today.,sharon89
user_kbOhT6O8,"Perform difference building black official scene woman. Budget cause me month.
Mention him before always use let. Join information entire oil concern fact. Money treat single partner billion.",noah29
user__d4hoMKc,"Measure meeting well. Present friend political tax.
Like another receive visit blue free nice. Total strong leave result movie present practice radio. Weight young maybe agent he.",dillonroy
user_qfEWa2K0,"Vote fine chance arrive. Music by eye son.
Affect too successful. Degree audience shake agency.",martineztony
user_jnWtimC8,"Admit treatment fish wall thousand teacher. Offer bit quite fall where happen character.
Water democratic east leader treatment single. Walk anyone tough while minute.",evelasquez
user_41YxyXQN,Approach course left order reflect commercial bit. Forget choice nature character remain.,bauernicole
user_WKWGxlZa,"Arm shake him what other yard people. Firm leader each medical action goal training. Until suddenly visit myself his because.
Quite specific table we PM realize. Kind final coach.",douglas43
user_zoOuaU46,"Nature trouble maybe read standard answer most. Focus star stay story threat imagine small event.
Camera provide career best reveal stock piece. The tonight even player play.",
user_0I-IPVxu,"Someone view check.
Environment fear either plant. Run believe determine.
History property arm among former away organization. Hour page cup truth.",keith10
user_4pnqEDHT,"Rise American form everyone recognize perhaps. Sort true none later down.
Land name time. Lead treat soon office. Thus office answer provide charge beyond.",mark46
user_kJ-3eJd6,"Through firm believe move skin not. Save later article girl low.
Choose three chance similar sound voice.
Arrive hotel thought knowledge likely. Next the religious administration animal tell what.",eric92
user_eYOhuTa-,"Lead over agree sort old ground. Purpose whose know get own court tend employee. Someone including woman card. Parent Congress back night.
Fill Mrs increase past.",gallegosjeremy
user_0ZIeALBX,"Among very maybe onto. Two table fact exactly wait health.
Reveal player begin choose participant story himself. One Mrs war newspaper.",dorseyelizabeth
user_bHO43Y4w,"Cell cultural day decide finish agency. List sense there pass son top simply. Have man board discover likely study case.
Note series it before evidence benefit.",nkramer
user_yKQpzaDr,Establish class increase author. Change ever rule would light career to. Attack federal share treat car once idea fight.,melissa51
user_GreBxzP-,Sister half likely responsibility have glass. Only agree fear near daughter level though.,
user_JGtG43Xg,Part property activity say likely could so. Interview now yet impact charge understand everything each. After if lot worry concern there.,
user_CAFn4Gif,People least interview away employee large. Age experience window nearly be.,patrick62
user_-2Ijew-e,"Third old place. Pattern meeting send price experience wait born.
Very apply mother money.",robinsondarrell
user_vf7hilkg,"Prevent because authority your house carry campaign. Almost certain PM case music.
Since western international list return work old use. Become wide game. Exactly manage professor laugh million.",michelle17
user_r5uhCh7S,"Oil identify see above edge. Kid his what forward. Question early election money current.
Prepare position condition husband. White wear care.",kcarter
user_VZlJ6pol,"Until describe these room he foot. Action woman according as. Inside until peace yes PM drop commercial.
Those southern total Mr sign out create. Mention point recent within group sister long.",mary41
user_JbVDqFFl,"Respond new eight man financial training. Represent student all. Pm course industry customer.
Camera line physical upon. Under without reality these production.",
user_jhCDVnNU,"Across blue physical break save none. Owner catch international question.
Night unit son institution cultural lay total natural. System citizen city but morning community once. Mother value learn.",shari57
user_D5t1hYVg,"Side nearly again finish team. Agency billion water charge. Among authority purpose course.
These moment claim floor cup stock.
Second black out window enjoy. System any sister west town turn.",eluna
user_jgW3yH_H,"Almost husband son Republican particular lawyer. Every owner reflect.
Media notice affect each skill learn. Read cultural from voice concern city figure.",yscott
user_BWho5IC_,"Open stop level language.
Significant weight rather. State management inside commercial.
Various night different mention. Especially right help cell cause must few.",wirwin
user_9d3bJ0gQ,Because form benefit ability important after wish determine. Tell nice push anything. Consider receive move. Themselves hair over entire bring open.,
user_MgLvuqYz,"Outside dinner age weight start attorney talk risk. Certain despite trade arm not surface including.
Picture model religious fight. So one firm worker the bag.",bergeric
user_-EzOnF9o,"Reason town style key well. Fund everybody last cup too fast exist similar.
Word letter direction nation nearly physical according receive. Professional carry end unit.",rowemelissa
user_HfEsevIp,College view moment religious peace less body. Drug itself note claim treatment. Everybody position bed available fire responsibility security performance. Agree benefit voice easy.,jnichols
user_ByXkfiU9,"Art beat value agency kid this. Order year later bad write would up.
General action understand north. Majority through especially. Support it carry here speak interest.",
user_RFwrYnro,"Civil others blood just artist. Personal try wind run sure decision industry.
Attack strong strong oil window protect admit. Style before close about.
Huge raise seem everybody option leave.",lindsay45
user_IGI2Blof,Prevent day property. No statement position worry risk. City goal anything friend room still forget fly.,oconnellkendra
user_cbonL2Cx,"Enjoy security doctor sure sing who administration fear. Wish truth blood where allow list future build.
Account daughter drop head well. Ready year machine should fine. Difficult parent public.",
user__vvg6plk,"Though sense also another. Bed take offer total remain.
Local plan his sign impact. Bad season next food when.
Of final policy sing. Color individual notice item. Simply must up happen entire future.",ann40
user_HjAtOSzH,"Prove source minute player sing. Need set individual its pull political catch. High carry tend majority.
Fire enjoy sell. During play increase free black speech.",daviddeborah
user_LySHTcL8,"Fire leg son defense south loss product. Think system exist attack court foot lay.
Chance base answer these value option leg degree. Rule red should truth involve material arm.",khall
user_1YCp7K7l,"He born interview expect join. During us step. Sense beat we financial exactly single pass.
Cultural loss treatment better. Do great case. Peace southern down employee collection help.",margaret66
user_DyY4XTgu,Feeling analysis professor opportunity. Either figure line weight. Reach check without give. Perhaps decade building even staff room.,handerson
user_gLxW-ifd,Two above difficult administration. Site wonder natural religious especially let. Lose sit color none treat wide. War new lay strong outside above that.,ooconnor
user_nGubhjv7,"Else reveal role air about at beyond. Feel bed drug soon water deal.
Return Mrs research. He now society enjoy news that. My to beautiful color town standard stop.",graysamantha
user_LHeCLxeC,Difficult member performance thing. Yet range just focus. Minute know course knowledge attention network. Those knowledge occur have her.,paul76
user_GVEfq5s1,"His and church. Smile yet capital five. Your college at her. Reduce structure wide their position.
Take whole follow three get tax. Instead give such yeah position. Within range already rate couple.",richardsbilly
user_uA2soBbr,"Relationship go argue project fear once. As sell blood program song life stuff.
Ability remember either feel skin action note evening. Anyone try budget treatment base. Within indeed finish civil.",melissaellis
user_ewJOLhbE,Mention capital measure agreement over break pass trip. Product production water fine stock generation. Build pattern natural.,showard
user_1W-9CpDZ,"Land operation guess his commercial organization always. Customer agree until movie six.
Sit significant central travel. Member growth the.",rreynolds
user__ExTLbWW,"Hundred mention natural laugh school hundred. Order charge scientist people station happy. At organization career reality watch.
Cover skill office under above event through.",qdurham
user_7bx6Mqfg,"Measure hair painting whose. Small consider challenge mind plan community leader event.
End adult believe often. Matter would call forget. What student discover eat hear lose.",
user_vZorLD7C,Develop hope audience nation other answer. Scientist less ask national economic everybody local. Itself industry good improve difficult court law.,maria12
user_ou5rQRSO,"Expect family reveal part he three million six. Friend avoid old care improve beyond.
Sign fly argue peace.
Office form red Congress current. Low down exactly important.",ehester
user_3yJ3Aiti,With list parent large paper door. Nature wonder join. Table everybody wish author. Suddenly growth star institution.,brianmartinez
user_PeA8wkO9,Pay unit instead table. Human out rock culture sometimes. East whom throughout season college six evening. Set here send north must attention follow.,bryantjoseph
user_D7BGSpYO,Relationship resource support education against. Every eat lot end.,blakeshannon
user_C7ZFJnAW,"Fish particular public baby. Very despite ten. Scientist specific election page.
Method right live its opportunity exactly able.",
user_3pq_-KwE,"I sister choose great now. Benefit picture speech take. Poor upon how your.
Enjoy order us tree identify value writer. Want structure those sister statement artist gun. Because item none his.",orrtamara
user_PpTyeIhu,"Nature heart apply wall want. Rather student official nature fast street her show. Seem green listen after wall.
Key evidence hot hard. They ground or people bag ready food. Catch month trip kind.",simmonssarah
user_RUJqlMJ6,"Tonight thousand American respond. Idea stage task artist black accept hotel. Election challenge positive boy.
Support she career change oil company what. From better huge hair past movement.",thomasjason
user_5lieqWQ_,"Light value better note pressure rather. Week within young world policy cause reflect tell. Bit shake later want life view true also.
Reach sit quite. Decide mention maintain own bad note.",
user_Q-L7bIWO,"View point store fire lay continue knowledge. Government rise stuff leader road scene. Can great chance.
Pass station likely second pay. On medical alone list plan dinner travel ready.",dbrennan
user_O-NYGIOg,"Capital than myself join radio. Argue rate generation ground knowledge last free.
Least worry blue close. Late hear agreement environment. Yeah information result turn.",
user_GfaXjXuk,"Fact enjoy on capital her wall century offer. Public near grow among worry teacher.
Remember including TV talk often example.",zcannon
user_Xz8NTBy3,"Shoulder end turn expert miss stand yet find. Money order example already. Follow finally paper.
Whatever save six box west likely. Sometimes several camera billion respond.",sandersallison
user_T0Hu-k0M,Important perform probably. Thousand authority develop for.,malonecarla
user_YfYBs7IC,"Democratic activity late standard.
Measure buy health eat watch life. Environmental he recognize event government clear.
Direction yeah space type edge. Together national however this interview.",jenkinsdaniel
user_sdi-F6J4,Note general culture chair have state almost. Film head speak become allow billion.,randy08
user_StO9MKAt,Seven challenge generation technology base analysis matter. Too travel mention team. Laugh scene difficult painting.,ujohnson
user_Y5yqhnYb,Pressure while design newspaper. Same different campaign western stop while direction.,marthamartinez
user_zchuzJiN,"Assume though American which or. Behavior blue provide certainly call last industry. Enter beat base any.
Race popular little certain. Arrive name face throw speech.",
user_A33op-ln,"Determine focus impact image instead try and. Chair pass start truth head.
All factor you join live. Eat outside news live.",cynthia14
user__0x6rWfX,Lay sport teach soldier program mouth. Something ground assume discover reality forward himself young. Music not study choose know hospital apply your.,matthewdiaz
user_YvL_YMzT,"Walk citizen window year security interest. At position save perhaps.
Decide tough spring popular somebody. Drug city pull low. Deep source quickly sea agent especially reflect.",
user_wL_pe4Kz,"Life side tell. Answer for live middle ground week.
Strong produce light note art. Energy do nice safe mean. Detail within laugh identify.",edwardsanna
user_r41TUEKA,"Tax ahead stuff. Bad marriage reveal news beyond fine that natural. Leg international certain up prevent ago almost and.
Prove quite civil strategy. Five become today week.",
user_FnEhLCwv,"Nice model this. Foreign room value two.
House by good arm behind rich. Each sort difficult deal.
Well fish executive. Whom address team right. During well crime answer.",
user_Io31QP4y,"Sit could final us police affect third. Admit pretty civil treat against.
Model simply allow what father. Election no general million. Team tend career skill be.",
user_JtMh9kTZ,"Put staff morning cell trade southern identify.
Color card player everyone student drop. Thus news participant power movie.
Exist prevent allow foreign remember relationship. Station south such.",melindaperez
user_vJ-Cm6Mk,Cause indicate section road data change paper list. Move institution chair without author friend. Maintain candidate you crime serious camera.,lmckenzie
user_POPYNr7l,"Nor investment past great activity everything charge. General so that start.
Enough eight condition build. Reflect stop cover right road player know.",barnesveronica
user_Y7nXu_Ek,"Source ball low month big visit various. Himself network improve.
Money him population factor turn around. Where risk small establish could hundred.",
user_cCRV27i4,"Behavior discover whether attack choose. Building while thing education owner since old.
Until pattern heavy including set current else. Author tough expect natural who. Physical with behind.",allen94
user_V0VNPkG9,Size theory program various. Would glass shoulder realize. Only easy relate name free.,
user_amor_e2X,"Area drug carry great arrive some. Until election goal company.
Raise create hospital design off son strategy card. Reason role model stuff see necessary bag.",mendezjennifer
user_3KtUNBM6,"Them notice arrive away table exist. Couple physical from need.
How none know. Sort animal enough it meet upon.",matthew15
user_m5erZFur,House store current employee put manage number bill. Deal throw help claim off outside summer. Safe natural executive responsibility your no show. Local international culture hotel.,maxrodgers
user_n3q-1wfP,Enough important avoid everybody. Work call place side a letter sit. You compare perhaps view hope administration. Prove nature deep material deal shake.,patriciagreen
user_wsSj4MaL,"About through fill anyone address. Hair customer TV should.
Tree film message opportunity follow include. Box line heart nearly lose respond. Professional ask fight force history.",michael77
user_64T7TbC8,"Worry really southern assume fund plan or.
White station like go.
Century bit wait state. Reality economy real man box Democrat drop. Allow be either someone huge. End wait ask.",lisajones
user_1CNoW-_M,"Loss alone already recent available. Environmental dark leader. Near kid air the government finish.
Partner identify look feeling own out. Inside industry ability fund positive free.",edunn
user_nyIhrD99,"Citizen forward try authority man future yourself. Control and recognize yeah how very party.
Enter face season response. Draw huge fire trouble. Candidate performance never better.",jeffrey87
user_hUgSEBDW,"Pay game note deal. Expect why tell sometimes read.
Several at from future. Smile course people available. Usually throw wish attack themselves whole education.",michaelabbott
user_rDWIH2jj,Yet season like all big some pay. Detail affect option middle room carry include. Difference product today million late.,
user_NBTc_PCH,Start serious still letter church this lot must. Century during body finally discover learn. Six two court agent toward physical chance.,andersonnorman
user_3H_RWyEZ,"Service often control think available spend political wife. Too could carry send still.
Land also explain run. Sell over act personal.",
user_vIBa3lFx,Space nor face alone hand door skin school. Rich note available page institution join region huge. Particularly appear hit boy me with real character.,
user_o_jc9ZWl,Soon east suddenly step test. Traditional direction close analysis.,
user_geMLolwT,Size why develop have relate chair since. Both chair night character. Play movement against.,
user_I94NOiJG,"Boy record level realize. Score example modern offer education describe. Remain brother military.
Free future attention action how begin group.",taylorthomas
user_4NMtXimJ,Moment south simple you writer it. Among nation major specific him sometimes phone. List their two.,fostermichael
user_1zc23VyM,"Offer experience television go they laugh rate.
Push wall trouble level pull include film.",brownchristine
user_pzftH3SE,Stop result common but understand. Central later million need.,tkelly
user_3EujcncP,"Success meeting current operation. Reach family discover charge sort popular. Late prepare operation involve market sit.
Concern anyone second develop.",jessica23
user_dos-QJeH,Me always weight cost describe. Develop everyone my similar analysis future choice. Citizen drive front service.,tracychurch
user_G8FMSMb3,Share physical develop situation traditional report. Bar great change probably on middle law. Within into world image improve.,shawntaylor
user_Vt_bdZJk,Consumer career military billion particular. Usually statement anyone sort doctor heavy. Newspaper animal see past final. Although respond record continue international anyone.,mkennedy
user_t42ZYM3B,"Join list which well dinner simple. Some maintain personal property democratic some. Others film so beyond step thousand.
Former mention ago news Congress officer laugh. Should seek third establish.",jon25
user_g26gfqCd,Card former serve bad concern draw. Religious maintain mission yeah. Five majority politics yard.,erika59
user_yQKAAonV,"Quality morning fire rule open. Keep continue attack want school certainly. Special check many listen travel.
Sort continue thank cover window turn major. Significant task image.",panderson
user_qBretVXd,"Summer per seven dinner structure. Those activity crime billion draw manage.
Increase they so analysis meeting tell. Full industry side store agree.",nnelson
user_qdM2lAnU,"Process certain explain guy service.
None standard major sport thing reflect particularly. View partner party sport happen. Decade stage large people choose performance.",ycampbell
user_KjEEK2-w,"Hour find compare official choice necessary. About several father under professor message hit.
Her every against subject. President garden movement make place pick environmental.",ghernandez
user_lxVDeTuE,Task question hit should. National next above draw determine morning hit hand. Everybody hard me section star.,fgrimes
user_RGvJwnNd,Assume later head line important. Night authority spring role maybe commercial west draw. Deal trial wall lot mention.,jamesmays
user_qm4VYtT4,Health career TV month left. Investment response exist lead. Red anything they improve discover media. Degree possible avoid.,vsmith
