artist_user_id,record_id,release_date
user_AQrv2BCA,record_rfmlrRfx,2020-01-12
user_-6xZN_3p,record_ox3Cb0Gn,2023-07-14
user_Ln1Ae2tE,record__xm5sgJi,2021-02-09
user_kbOhT6O8,record_MYJSTjgN,2020-11-15
user__d4hoMKc,record_gWcAXHNX,2022-10-10
user_qfEWa2K0,record_NX80fj_s,2023-02-08
user_jnWtimC8,record_1sLXxrAi,2021-05-01
user_41YxyXQN,record_3gDYPR4m,2022-07-25
user_WKWGxlZa,record_1487gZZ9,2020-08-08
user_zoOuaU46,record_lyI0ZEDE,2023-03-13
user_0I-IPVxu,record_-W-GocE-,2021-11-14
user_4pnqEDHT,record_ekybfggL,2023-02-03
user_kJ-3eJd6,record_N3GEiW22,2020-08-01
user_eYOhuTa-,record_kHiIlK-R,2022-02-10
user_0ZIeALBX,record_O5FMHr_v,2023-12-06
user_bHO43Y4w,record_El7mLdPZ,2020-09-02
user_yKQpzaDr,record_xfeCLreT,2020-11-30
user_GreBxzP-,record__k2HnkDe,2021-03-14
user_JGtG43Xg,record_PTgE_grv,2021-04-15
user_CAFn4Gif,record_WLG99NJ1,2021-04-04
user_-2Ijew-e,record_ce_qe3ta,2020-01-07
user_vf7hilkg,record_LwkJ5JCi,2020-05-22
user_r5uhCh7S,record_dkbIBGGV,2020-09-06
user_VZlJ6pol,record_Pu4rJ4Bp,2022-02-15
user_JbVDqFFl,record_FW5BXlko,2023-08-12
user_jhCDVnNU,record_EqH_5bOv,2021-12-03
user_D5t1hYVg,record_o-0EUlaG,2022-11-09
user_jgW3yH_H,record_L_NigRZd,2022-07-12
user_BWho5IC_,record_ArdMJStm,2023-12-05
user_9d3bJ0gQ,record_Sr4UlpOp,2022-02-02
user_MgLvuqYz,record_XE5NDavd,2023-07-11
user_-EzOnF9o,record_aMYhc4ft,2020-02-04
user_HfEsevIp,record_dYhVxHwt,2023-09-12
user_ByXkfiU9,record_tsVpRXiC,2020-11-26
user_RFwrYnro,record_dyp6cgb0,2022-01-27
user_IGI2Blof,record_4Fa9uTeV,2022-06-28
user_cbonL2Cx,record_2zZIrqYT,2023-07-10
user__vvg6plk,record_35ngv_My,2021-01-29
user_HjAtOSzH,record_Tvggw1Ba,2021-06-03
user_LySHTcL8,record_J0_SIDum,2020-12-23
user_1YCp7K7l,record_DE_oS76Y,2020-01-17
user_DyY4XTgu,record_HsDLz5sk,2020-03-17
user_gLxW-ifd,record_DRO8vfVQ,2022-07-04
user_nGubhjv7,record_spTcrxX3,2022-12-25
user_LHeCLxeC,record_uHLSH86e,2023-09-17
user_GVEfq5s1,record_CRZu7Rt7,2022-07-25
user_uA2soBbr,record_Szq0xAdr,2022-07-02
user_ewJOLhbE,record_-mBMjvsW,2023-09-20
user_1W-9CpDZ,record_VVTgykFm,2022-01-14
user__ExTLbWW,record_7xYhx8Do,2020-06-22
user_7bx6Mqfg,record_X7fxMOd0,2023-02-26
user_vZorLD7C,record_wfp9s1lY,2020-05-11
user_ou5rQRSO,record_4BWVOEiU,2023-10-31
user_3yJ3Aiti,record_7Lzoh-jg,2021-12-10
user_PeA8wkO9,record_wQh7Nlg3,2020-11-27
user_D7BGSpYO,record_4ydK9qUD,2023-05-28
user_C7ZFJnAW,record_7HScrf9O,2022-03-04
user_3pq_-KwE,record_DfoU1lcE,2020-03-16
user_PpTyeIhu,record_FIRDRYvL,2023-12-14
user_RUJqlMJ6,record_YZL5UJGY,2021-05-18
user_5lieqWQ_,record_hQN8jUPP,2023-06-26
user_Q-L7bIWO,record_2UGYwMVP,2023-06-27
user_O-NYGIOg,record_mDqvnHAA,2022-09-20
user_GfaXjXuk,record_teZevWYu,2023-12-05
user_Xz8NTBy3,record_L9Phfwgr,2023-07-16
user_T0Hu-k0M,record_QkDdfYgc,2023-03-07
user_YfYBs7IC,record_42899DD6,2021-09-05
user_sdi-F6J4,record__gArKN_B,2023-04-20
user_StO9MKAt,record_p65RFBmw,2020-07-01
user_Y5yqhnYb,record_jpHrzaUU,2022-12-16
user_zchuzJiN,record_o7aUc_BH,2021-09-22
user_A33op-ln,record_g6Tqwuib,2022-02-13
user__0x6rWfX,record_2eURwtHV,2020-09-06
user_YvL_YMzT,record_ou3JN5uO,2022-01-25
user_wL_pe4Kz,record_Jjzyn9Dd,2020-05-15
user_r41TUEKA,record_1uB8ebif,2023-09-09
user_FnEhLCwv,record__3Epesz7,2023-12-30
user_Io31QP4y,record_A9nTcIWM,2022-07-07
user_JtMh9kTZ,record_rZXoDJfU,2022-03-02
user_vJ-Cm6Mk,record_aDUkRELE,2023-03-24
user_POPYNr7l,record_w0i85vtS,2022-11-30
user_Y7nXu_Ek,record_yGqN1a3q,2023-07-15
user_cCRV27i4,record_uNTF9E9B,2021-09-10
user_V0VNPkG9,record_dmWoHvw5,2020-03-07
user_amor_e2X,record_hCCF8AoG,2020-05-23
user_3KtUNBM6,record_asbiwcyp,2021-12-06
user_m5erZFur,record_INlvPsaq,2022-11-30
user_n3q-1wfP,record_EHPzW6NX,2021-12-05
user_wsSj4MaL,record_FfYhjBLq,2023-10-09
user_64T7TbC8,record_DhMrmLMM,2021-04-11
user_1CNoW-_M,record_pNm2Kbu3,2023-02-14
user_nyIhrD99,record_dxZjfNVb,2021-06-29
user_hUgSEBDW,record_u1y0-1ky,2023-03-14
user_rDWIH2jj,record_QkLfYlhc,2023-12-06
user_NBTc_PCH,record_mZIeKqh6,2023-09-14
user_3H_RWyEZ,record_NvihYZ0x,2020-07-17
user_vIBa3lFx,record_ZhsS76Iv,2023-10-25
user_o_jc9ZWl,record_3N3TR1uF,2020-09-21
user_geMLolwT,record_Fj2iBZOH,2021-03-13
user_I94NOiJG,record_g0G7J7XB,2021-05-29
user_4NMtXimJ,record_yFmeZAla,2022-06-29
user_1zc23VyM,record_bG0tjI3I,2021-06-01
user_pzftH3SE,record_bRXOEUQR,2022-12-31
user_3EujcncP,record_jyqpRNdR,2020-10-05
user_dos-QJeH,record_SONVulLW,2023-12-09
user_G8FMSMb3,record_JgKPdFN4,2022-10-26
user_Vt_bdZJk,record_TqWoNqOy,2021-12-15
user_t42ZYM3B,record_8ZsRwNBh,2022-09-29
user_g26gfqCd,record__RNEpN-u,2020-01-23
user_yQKAAonV,record__2M0PFnK,2023-01-12
user_qBretVXd,record_S7I3H2Um,2023-09-02
user_qdM2lAnU,record_p3_TLS1F,2023-09-17
user_KjEEK2-w,record_1snzzVAi,2020-05-24
user_lxVDeTuE,record__FKxpFPb,2020-02-16
user_RGvJwnNd,record_Mvk7aoAM,2021-12-20
user_qm4VYtT4,record_u-PJFQXj,2022-10-25
user_AQrv2BCA,record_zqeRnGnh,2021-09-09
user_-6xZN_3p,record_OhXxghxL,2020-10-14
user_Ln1Ae2tE,record__TzJq077,2022-04-02
user_kbOhT6O8,record_k-5YGOOE,2023-03-07
user__d4hoMKc,record_J_FUP0zv,2023-03-27
user_qfEWa2K0,record_jkm2CSDv,2021-12-11
user_jnWtimC8,record_EP4UfL9a,2023-02-08
user_41YxyXQN,record_lbd19GJB,2022-03-18
user_WKWGxlZa,record_9i6Xv84O,2022-04-11
user_zoOuaU46,record_QSXx2NRz,2022-12-07
user_0I-IPVxu,record_oh49HQxu,2023-10-20
user_4pnqEDHT,record_o390P0sv,2023-05-22
user_kJ-3eJd6,record_zBMEwmgE,2022-12-07
user_eYOhuTa-,record_rrYOqMMi,2022-12-15
user_0ZIeALBX,record_-Sb-VXhj,2022-12-15
user_bHO43Y4w,record_d4YCQkZp,2022-08-19
user_yKQpzaDr,record_Rz8FlliL,2021-03-10
user_GreBxzP-,record_sKn5z8c6,2021-06-10
user_JGtG43Xg,record_G9ofhtD6,2022-09-22
user_CAFn4Gif,record_OWcQWnj7,2022-03-24
user_-2Ijew-e,record_AyKmA-X_,2023-06-28
user_vf7hilkg,record_DE5T6J1L,2023-03-02
user_r5uhCh7S,record_BPBcke6s,2021-11-08
user_VZlJ6pol,record_llblnTLL,2022-10-31
user_JbVDqFFl,record_kCIatZo2,2023-01-10
user_jhCDVnNU,record_hJccYc8z,2022-02-12
user_D5t1hYVg,record_nueLxkGi,2023-01-09
user_jgW3yH_H,record_PWKdtEkv,2023-11-14
user_BWho5IC_,record_3sD7j38B,2021-10-22
user_9d3bJ0gQ,record_keyGqJJC,2021-12-02
user_MgLvuqYz,record_4YSPcHgg,2023-02-01
user_-EzOnF9o,record_-TEqrUmp,2021-07-28
user_HfEsevIp,record_HKu2LoAS,2020-07-08
user_ByXkfiU9,record_s1oyEl5_,2022-05-17
user_RFwrYnro,record_2c21Pg0K,2023-01-09
user_IGI2Blof,record_l8mS8yM1,2022-05-25
user_cbonL2Cx,record_f9YLO0JR,2020-12-28
user__vvg6plk,record_nP7r2NXR,2020-04-02
user_HjAtOSzH,record_ZbwFoPk_,2020-12-05
user_LySHTcL8,record_ZYnWSSwI,2023-09-22
user_1YCp7K7l,record_SO0-u0dV,2022-04-16
user_DyY4XTgu,record_id7GWkgn,2021-12-25
user_gLxW-ifd,record_lwqGcRK3,2022-10-13
user_nGubhjv7,record_YePrZd0U,2021-01-26
user_LHeCLxeC,record_MJEyiO22,2020-12-14
user_GVEfq5s1,record_CasSsfZE,2020-12-26
user_uA2soBbr,record_i4vXXVUt,2021-05-12
user_ewJOLhbE,record_pXPE2Kyg,2023-05-01
user_1W-9CpDZ,record_sjZRzUgS,2021-06-09
user__ExTLbWW,record_-FlXuJ31,2020-09-21
user_7bx6Mqfg,record_Impd_qSL,2022-08-07
user_vZorLD7C,record_KTLsXgRT,2020-02-15
user_ou5rQRSO,record_0DcWWj6d,2021-10-25
user_3yJ3Aiti,record_c0WGFvrs,2021-02-16
user_PeA8wkO9,record_gasAi6pk,2020-04-03
user_D7BGSpYO,record_0nJUqhcs,2021-09-03
user_C7ZFJnAW,record_Jgalwm3Z,2023-04-15
user_3pq_-KwE,record__a3xe1OA,2020-05-31
user_PpTyeIhu,record_JsyQb8VL,2021-12-08
user_RUJqlMJ6,record_8K3gveU9,2020-01-23
user_5lieqWQ_,record_qOo7QQ1U,2021-08-04
user_Q-L7bIWO,record_ZCSRvT1k,2023-08-15
user_O-NYGIOg,record_aWgW7m63,2023-01-18
user_GfaXjXuk,record_a9iCg-zo,2021-05-02
user_Xz8NTBy3,record_qFwdI4vJ,2022-06-02
user_T0Hu-k0M,record_paOuDAZH,2022-09-29
user_YfYBs7IC,record_iP2XgJxf,2023-08-15
user_sdi-F6J4,record_doobvh90,2020-04-10
user_StO9MKAt,record_jj7OcZFB,2022-09-08
user_Y5yqhnYb,record_jc-bfwq0,2023-07-18
user_zchuzJiN,record_AChx0Ddl,2023-12-21
user_A33op-ln,record_ZNoduLSZ,2020-01-23
user__0x6rWfX,record_hj7Y2ypA,2023-12-11
user_YvL_YMzT,record_uuIPPgaE,2023-08-11
user_wL_pe4Kz,record_aScrQmG1,2023-07-07
user_r41TUEKA,record_IQKeVCly,2023-02-23
user_FnEhLCwv,record_RIdtGT0V,2023-11-09
user_Io31QP4y,record_WLZ2cITM,2020-10-23
user_JtMh9kTZ,record_o5_Wxsgi,2022-02-18
user_vJ-Cm6Mk,record_dqJtODYk,2020-01-15
user_POPYNr7l,record_ot_RVHhw,2023-02-17
user_Y7nXu_Ek,record_pfxpz2bX,2020-12-11
user_cCRV27i4,record_BQ2JQ_Pj,2021-04-18
user_V0VNPkG9,record_nQfsQ6Co,2021-10-06
user_amor_e2X,record_3fLGPTfG,2020-08-06
user_3KtUNBM6,record_KO3z9gC2,2022-11-13
user_m5erZFur,record_K64TeExr,2022-04-19
user_n3q-1wfP,record_bQBWZD8D,2022-09-15
user_wsSj4MaL,record_kV2ihBIa,2023-05-25
user_64T7TbC8,record_ZGopq_UK,2022-03-19
user_1CNoW-_M,record_wgompdPa,2020-08-31
user_nyIhrD99,record_nGlvEaiJ,2021-07-19
user_hUgSEBDW,record_5GHdWMbQ,2023-11-10
user_rDWIH2jj,record_u8e4OQne,2020-11-15
user_NBTc_PCH,record_jHllve6d,2020-10-01
user_3H_RWyEZ,record_c7ki6HFb,2022-03-09
user_vIBa3lFx,record_GJPvQj1u,2022-02-28
user_o_jc9ZWl,record_XeCbp3Nm,2020-06-05
user_geMLolwT,record_9hlJcU8G,2021-01-29
user_I94NOiJG,record_h5DhllfY,2023-06-23
user_4NMtXimJ,record_nFiPzLB-,2022-06-13
user_1zc23VyM,record_itYxpyMY,2023-02-16
user_pzftH3SE,record_RKP6yqbE,2022-11-25
user_3EujcncP,record_zKVi8D2c,2022-12-23
user_dos-QJeH,record_NPnub0jY,2022-02-16
user_G8FMSMb3,record_BACcZKJT,2022-04-27
user_Vt_bdZJk,record_jazNHMKQ,2020-07-18
user_t42ZYM3B,record_GQ-xLi0o,2021-02-05
user_g26gfqCd,record_--4_Ht0N,2020-07-30
user_yQKAAonV,record_wbsCq4Sx,2021-10-23
user_qBretVXd,record_zjNIsELz,2023-04-11
user_qdM2lAnU,record_N0VtSSBm,2021-09-16
user_KjEEK2-w,record_XvhUEAfv,2022-04-20
user_lxVDeTuE,record_9wapSNbl,2020-02-14
user_RGvJwnNd,record_4-YD7ggN,2020-04-23
user_qm4VYtT4,record_btS5uG6m,2020-12-30
user_AQrv2BCA,record_6cMOhetz,2020-03-27
user_-6xZN_3p,record_d8fR-7pY,2020-08-06
user_Ln1Ae2tE,record_gbjKTa9A,2023-03-19
user_kbOhT6O8,record_dEvCMpSn,2021-08-16
user__d4hoMKc,record_2dc4MM5W,2022-11-21
user_qfEWa2K0,record_3jUj1Mlw,2023-03-08
user_jnWtimC8,record_bt0yFt4j,2022-01-18
user_41YxyXQN,record_uYfLJ1AZ,2022-10-22
user_WKWGxlZa,record_9WSnH7xj,2022-01-07
user_zoOuaU46,record_rxzZ60M7,2022-02-23
user_0I-IPVxu,record_eRzlL9zf,2023-12-02
user_4pnqEDHT,record_IQ5I1QMW,2020-04-22
user_kJ-3eJd6,record_EiA6hbF-,2020-10-10
user_eYOhuTa-,record_MdwgKrMl,2022-06-10
user_0ZIeALBX,record_YlGerra-,2020-12-23
user_bHO43Y4w,record_9oWzxDbW,2020-08-16
user_yKQpzaDr,record_-2WQnPOg,2020-01-13
user_GreBxzP-,record_U0X7quUS,2023-01-11
user_JGtG43Xg,record_GFGBbmMb,2020-08-29
user_CAFn4Gif,record_Ml3ptOqJ,2023-04-23
user_-2Ijew-e,record_3JBizm_h,2023-04-10
user_vf7hilkg,record_D4GVEsYl,2023-05-22
user_r5uhCh7S,record_l4x6LAcR,2020-09-10
user_VZlJ6pol,record_190CbjDc,2022-09-22
user_JbVDqFFl,record_iqEbraP2,2020-04-13
user_jhCDVnNU,record_YtUmWzLL,2021-12-30
user_D5t1hYVg,record_TRL41Wb4,2022-12-27
user_jgW3yH_H,record_olCyfVRe,2023-06-25
user_BWho5IC_,record_ISdvmmso,2021-03-29
user_9d3bJ0gQ,record__zXFrTq4,2020-10-05
user_MgLvuqYz,record_PcRE2AfZ,2020-01-05
user_-EzOnF9o,record_Gu2hkEks,2023-09-15
user_HfEsevIp,record_mOCMikvj,2022-12-20
user_ByXkfiU9,record_TD2d2fyq,2023-11-28
user_RFwrYnro,record_CRmKW8qw,2020-10-24
user_IGI2Blof,record_dYNVe-Nx,2020-06-18
user_cbonL2Cx,record_PbbqY_1q,2020-07-25
user__vvg6plk,record_8u6O1XFC,2021-08-18
user_HjAtOSzH,record_nddEYXwc,2020-03-29
user_LySHTcL8,record_sCkFJGOr,2023-02-16
user_1YCp7K7l,record_icMji2yA,2020-05-18
user_DyY4XTgu,record_XWvGOKqj,2020-01-02
user_gLxW-ifd,record_51zx5w5v,2020-12-30
user_nGubhjv7,record_3nEeNw8K,2023-10-26
user_LHeCLxeC,record_ooOei41M,2020-07-11
user_GVEfq5s1,record_X4Gdy0pQ,2023-12-02
user_uA2soBbr,record_pFuS7QTn,2023-02-08
user_ewJOLhbE,record_kajkYA6q,2023-05-25
user_1W-9CpDZ,record_q2sV716m,2021-04-27
user__ExTLbWW,record_lzWJ0Y8Z,2020-04-05
user_7bx6Mqfg,record_66k4BC_D,2022-12-30
user_vZorLD7C,record_zPNakhXh,2022-11-26
user_ou5rQRSO,record_yuJEnrBd,2022-10-27
user_3yJ3Aiti,record_pDTohdKL,2023-08-24
user_PeA8wkO9,record_Wr_bHeYF,2023-12-07
user_D7BGSpYO,record_rQjg2Dc0,2023-08-26
user_C7ZFJnAW,record_IGkGJgCJ,2023-02-20
user_3pq_-KwE,record_qZjEnJJ9,2021-03-14
user_PpTyeIhu,record_XFzLDCnK,2020-08-13
user_RUJqlMJ6,record_hID-1fd4,2020-09-16
user_5lieqWQ_,record_5N0-XMbE,2021-11-14
user_Q-L7bIWO,record_44L4MzoT,2023-05-16
user_O-NYGIOg,record_-4Zyng4Y,2022-11-13
user_GfaXjXuk,record_o5vwmLQw,2021-07-25
user_Xz8NTBy3,record_zPWrkwmV,2022-11-21
user_T0Hu-k0M,record_ig8adWqL,2021-05-27
user_YfYBs7IC,record_VyjsQLuk,2021-09-14
user_sdi-F6J4,record__khRIuXG,2022-04-07
user_StO9MKAt,record_go1HywGK,2022-02-18
user_Y5yqhnYb,record_LY_qSPbp,2020-05-02
user_zchuzJiN,record_BZOB8ngA,2022-09-30
user_A33op-ln,record_ivFKwdAY,2022-08-23
user__0x6rWfX,record_Kg9tQSNt,2022-02-27
user_YvL_YMzT,record_2pdv52xP,2023-08-09
user_wL_pe4Kz,record_vRnwrPke,2021-11-11
user_r41TUEKA,record_GF7-Jj5b,2021-11-05
user_FnEhLCwv,record__SItPzH7,2020-11-26
user_Io31QP4y,record_9qH2QtHz,2023-10-12
user_JtMh9kTZ,record_YOPRLvli,2020-03-06
user_vJ-Cm6Mk,record_ticHwaU7,2020-07-24
user_POPYNr7l,record_sW_A_BFi,2023-03-26
user_Y7nXu_Ek,record_7gK3XQPk,2021-08-14
user_cCRV27i4,record_qPAJ7hwk,2022-08-31
user_V0VNPkG9,record_cx_G9O3f,2021-03-27
user_amor_e2X,record_KO30atrZ,2023-05-04
user_3KtUNBM6,record_beWmx6YS,2022-06-30
user_m5erZFur,record_BeRE7M8m,2023-05-25
user_n3q-1wfP,record_zrQrDuVs,2021-11-13
user_wsSj4MaL,record_xl37EYBP,2022-07-05
user_64T7TbC8,record_4G-_HAXA,2020-07-17
user_1CNoW-_M,record_6r0lcRAA,2022-04-15
user_nyIhrD99,record_ne0jpDj3,2021-01-22
user_hUgSEBDW,record_5lWWzoha,2021-05-18
user_rDWIH2jj,record_tehe_6T8,2022-11-19
user_NBTc_PCH,record_aRzT9s9Z,2021-03-20
user_3H_RWyEZ,record_AhopvsaT,2020-10-21
user_vIBa3lFx,record_4COSqXXj,2020-12-09
user_o_jc9ZWl,record_EYOBbTS2,2023-02-13
user_geMLolwT,record_paByV0tL,2020-07-12
user_I94NOiJG,record_-hoG87iQ,2020-01-20
user_4NMtXimJ,record_E_b7KnSc,2023-08-30
user_1zc23VyM,record_cgzHyJfi,2023-12-24
user_pzftH3SE,record_CSITbi99,2021-03-11
user_3EujcncP,record_VLOTRkpJ,2022-05-17
user_dos-QJeH,record_eB16K8lw,2021-11-24
user_G8FMSMb3,record_bsdmMZBh,2022-01-18
user_Vt_bdZJk,record_zYyYCn_Q,2020-10-10
user_t42ZYM3B,record_0pJGP5Nd,2023-08-04
user_g26gfqCd,record_Ac8nXglm,2020-09-13
user_yQKAAonV,record_cpkHCmrv,2020-09-14
user_qBretVXd,record_oCF9p6_0,2021-02-10
user_qdM2lAnU,record_Xiv0G2si,2021-09-17
user_KjEEK2-w,record_FlTzxIOs,2021-07-03
user_lxVDeTuE,record_wWM0lv0y,2022-10-17
user_RGvJwnNd,record_zEEDu495,2022-04-15
user_qm4VYtT4,record_nwvF4SiS,2020-10-18
user_AQrv2BCA,record_fkuDSZ4G,2020-01-29
user_-6xZN_3p,record_UYLIOm3E,2022-12-23
user_Ln1Ae2tE,record_qSfTDJD9,2022-09-29
user_kbOhT6O8,record_onRwv7vF,2021-08-28
user__d4hoMKc,record_K04XLR6i,2020-06-11
user_qfEWa2K0,record_LyObfwZ9,2021-06-22
user_jnWtimC8,record_v_GImsTV,2020-06-11
user_41YxyXQN,record_esGKKPcm,2022-06-24
user_WKWGxlZa,record_pCcJKFJf,2023-08-01
user_zoOuaU46,record_0riIiTUV,2020-01-21
user_0I-IPVxu,record_Ufj7hybq,2022-07-23
user_4pnqEDHT,record_ZFKVfRnL,2022-07-18
user_kJ-3eJd6,record_qwLsAm0Q,2023-07-05
user_eYOhuTa-,record_0vRy4STd,2023-10-13
user_0ZIeALBX,record_7KeXdCog,2021-11-20
user_bHO43Y4w,record_zLYTEeCK,2023-07-28
user_yKQpzaDr,record_fSRmTxA8,2023-06-07
user_GreBxzP-,record_LRXnqjdF,2023-07-04
user_JGtG43Xg,record_wKi2udBZ,2021-06-13
user_CAFn4Gif,record_eJzO_Prb,2021-07-05
user_-2Ijew-e,record_GiSENYQm,2022-02-01
user_vf7hilkg,record_qeg4bxcp,2022-07-22
user_r5uhCh7S,record_aTruIC6d,2021-04-25
user_VZlJ6pol,record_DyxX1xzS,2023-03-12
user_JbVDqFFl,record_6khtQZJQ,2022-07-09
user_jhCDVnNU,record_OVGjRcEY,2022-11-08
user_D5t1hYVg,record__C4Dv0mq,2021-07-06
user_jgW3yH_H,record_H3ll61Qj,2020-02-17
user_BWho5IC_,record_29JfNicA,2020-01-03
user_9d3bJ0gQ,record_L_OhLaWv,2020-07-12
user_MgLvuqYz,record_Yhh0BPJE,2020-10-27
user_-EzOnF9o,record_J50rWLV8,2021-09-12
user_HfEsevIp,record_99SPpanT,2020-11-07
user_ByXkfiU9,record_Gc6AsgBW,2021-03-27
user_RFwrYnro,record_u7OaJL8_,2022-01-04
user_IGI2Blof,record_vMjIC07Q,2022-06-22
user_cbonL2Cx,record_HfxA9vam,2020-10-22
user__vvg6plk,record_HVvFyEEW,2020-08-15
user_HjAtOSzH,record_Yx-SaFFJ,2020-04-21
user_LySHTcL8,record_uHqJ6ruP,2023-05-26
user_1YCp7K7l,record_pmjY1cak,2022-11-04
user_DyY4XTgu,record_SggetBLP,2021-06-23
user_gLxW-ifd,record_8_ObKmp9,2022-01-30
user_nGubhjv7,record__AcYy9o6,2022-10-13
user_LHeCLxeC,record_F7fyvxt-,2020-08-07
user_GVEfq5s1,record_Djo5mkQv,2022-01-26
user_uA2soBbr,record_cm_bCd5r,2021-11-12
user_ewJOLhbE,record_rwKmpLnd,2020-06-13
user_1W-9CpDZ,record_qsQV3BtA,2020-07-29
user__ExTLbWW,record_qXGEvAuY,2022-05-14
user_7bx6Mqfg,record_xXAwFzGj,2022-03-05
user_vZorLD7C,record_VolqmMjj,2020-12-19
user_ou5rQRSO,record_mrTpslMP,2022-03-22
user_3yJ3Aiti,record_AyBI80fP,2022-11-14
user_PeA8wkO9,record_lGhcHo8U,2023-10-02
user_D7BGSpYO,record_qnIcy6Nx,2023-01-28
user_C7ZFJnAW,record_TQq-5gbJ,2020-11-10
user_3pq_-KwE,record_apnGnHd3,2021-09-28
user_PpTyeIhu,record_DDqUNgKB,2020-11-12
user_RUJqlMJ6,record_v9ZA7GKZ,2020-01-28
user_5lieqWQ_,record_NgFFM1s8,2023-03-10
user_Q-L7bIWO,record_huLLTG5z,2022-05-08
user_O-NYGIOg,record_nYzXyhXU,2021-03-09
user_GfaXjXuk,record_qosHmpJZ,2022-04-28
user_Xz8NTBy3,record_ppZGSeqN,2022-01-22
user_T0Hu-k0M,record_CnPjMFOH,2021-08-08
user_YfYBs7IC,record_lzaGBvN2,2021-08-26
user_sdi-F6J4,record_BOzGaszA,2023-04-19
user_StO9MKAt,record_Ltmb-ito,2021-04-03
user_Y5yqhnYb,record_wQkACt14,2020-08-01
user_zchuzJiN,record_07cLQXBM,2023-08-05
user_A33op-ln,record_5nVoBGSl,2020-06-01
user__0x6rWfX,record_S31N8ofg,2020-01-11
user_YvL_YMzT,record_pGW5DOlQ,2022-07-06
user_wL_pe4Kz,record_Al18qrVB,2020-04-14
user_r41TUEKA,record_K3fA-pRq,2020-07-17
user_FnEhLCwv,record_U4yflvEV,2020-10-09
user_Io31QP4y,record_d2L2-Sqa,2021-02-13
user_JtMh9kTZ,record_CryJl51K,2020-07-15
user_vJ-Cm6Mk,record_lN7PVglx,2023-07-12
user_POPYNr7l,record_19dBM6wn,2021-02-16
user_Y7nXu_Ek,record_quBDvc5D,2020-10-15
user_cCRV27i4,record_IG8yLf_B,2023-01-29
user_V0VNPkG9,record_0JC9U4zG,2020-12-29
user_amor_e2X,record_al-0oWtt,2023-03-23
user_3KtUNBM6,record_m5B2PMjW,2022-10-17
user_m5erZFur,record_ZVNA5eB1,2021-09-08
user_n3q-1wfP,record_jQc13Ru4,2022-06-10
user_wsSj4MaL,record_WUqkdEsv,2023-10-06
user_64T7TbC8,record_McPyocSy,2023-06-30
user_1CNoW-_M,record_bUqna1SJ,2021-11-14
user_nyIhrD99,record_2MY1iYGm,2020-03-20
user_hUgSEBDW,record_PK8ZNqX5,2020-03-25
user_rDWIH2jj,record_FpA6IE6-,2020-09-15
user_NBTc_PCH,record_U9akBa9S,2022-08-07
user_3H_RWyEZ,record_pUuOyYX9,2022-11-26
user_vIBa3lFx,record_u3NlqMd6,2023-01-20
user_o_jc9ZWl,record_Fvj3wr5B,2021-08-06
user_geMLolwT,record_00GE_FMY,2022-09-25
user_I94NOiJG,record_YX7lhxDo,2022-10-19
user_4NMtXimJ,record_iHo2TUWN,2022-03-31
user_1zc23VyM,record_aK1Ak7AL,2021-06-16
user_pzftH3SE,record_NfeQyLYj,2020-04-01
user_3EujcncP,record_VtEUMa92,2022-02-14
user_dos-QJeH,record_K7-zDxnM,2021-03-12
user_G8FMSMb3,record_WrmNn70N,2023-08-07
user_Vt_bdZJk,record_6QMDbLtV,2023-10-12
user_t42ZYM3B,record_eTYxED6e,2022-02-15
user_g26gfqCd,record_n7ikgTZR,2022-02-11
user_yQKAAonV,record_T9UXi3YA,2021-02-06
user_qBretVXd,record_paivwi-Y,2023-10-22
user_qdM2lAnU,record_biw01h_9,2023-03-20
user_KjEEK2-w,record_aTITEZNb,2023-07-02
user_lxVDeTuE,record_vqBy8Mg0,2022-10-27
user_RGvJwnNd,record_rJ5DKBiY,2023-11-07
user_qm4VYtT4,record_u9xbGnLa,2020-12-29
user_AQrv2BCA,record_QyhIL4VF,2021-10-23
user_-6xZN_3p,record_7n0h_8QD,2020-04-28
user_Ln1Ae2tE,record_geNCL3in,2022-04-23
user_kbOhT6O8,record_nXKP0dqc,2022-02-28
user__d4hoMKc,record_EKahw74C,2022-06-06
user_qfEWa2K0,record_lq5s6Y-0,2021-12-12
user_jnWtimC8,record_NMagpw23,2023-09-02
user_41YxyXQN,record_affPBJC7,2022-06-06
user_WKWGxlZa,record_dVCtabgv,2023-05-21
user_zoOuaU46,record_YIQQ7kbm,2020-06-28
user_0I-IPVxu,record_20_7c3NV,2023-01-30
user_4pnqEDHT,record_n0dkIwQB,2022-08-28
user_kJ-3eJd6,record_NTJJfmoR,2023-11-09
user_eYOhuTa-,record_-VrRn94I,2020-02-29
user_0ZIeALBX,record__npopT1V,2021-04-03
user_bHO43Y4w,record_6-0TnZsi,2021-11-04
user_yKQpzaDr,record_KK6646Ps,2022-03-15
user_GreBxzP-,record_f58rN472,2022-02-01
user_JGtG43Xg,record_qXpBc4nq,2022-01-27
user_CAFn4Gif,record_9hY_gOJJ,2021-03-03
user_-2Ijew-e,record_hlZb2GMB,2023-03-10
user_vf7hilkg,record_Tz5cKm4J,2021-06-18
user_r5uhCh7S,record_2OLwiNYM,2023-06-04
user_VZlJ6pol,record_HLg0HgGM,2023-11-24
user_JbVDqFFl,record_CV0secsW,2021-11-20
user_jhCDVnNU,record_ooUhiWik,2023-08-27
user_D5t1hYVg,record_tndq5KQF,2022-09-23
user_jgW3yH_H,record__J6szVkY,2020-08-12
user_BWho5IC_,record_IhH7XOuq,2023-12-13
user_9d3bJ0gQ,record_bx1BS69r,2021-06-04
user_MgLvuqYz,record_GKdN5CGU,2023-12-24
user_-EzOnF9o,record_YMxw30xU,2020-05-13
user_HfEsevIp,record_uSL9wmpV,2023-10-08
user_ByXkfiU9,record_JNYyBSOX,2020-04-19
user_RFwrYnro,record_cMouFqO-,2023-12-18
user_IGI2Blof,record_DgmHE1gN,2022-10-17
user_cbonL2Cx,record_MC_ya9Zs,2020-01-17
user__vvg6plk,record_WQ2pQ-Fq,2023-01-15
user_HjAtOSzH,record_ali5_5-F,2022-05-07
user_LySHTcL8,record_P9x7VImB,2022-04-21
user_1YCp7K7l,record_TgoS_OTq,2021-06-16
user_DyY4XTgu,record_NDPSewS2,2021-06-23
user_gLxW-ifd,record_7YsamEqp,2022-03-18
user_nGubhjv7,record_4CKNWooD,2020-02-15
user_LHeCLxeC,record_uEoMY2Ms,2022-08-23
user_GVEfq5s1,record_pi6qIF8Q,2022-09-29
user_uA2soBbr,record_5km5JHUS,2021-05-12
user_ewJOLhbE,record_zyTt9wMN,2023-02-20
user_1W-9CpDZ,record_IHFPISxr,2020-06-11
user__ExTLbWW,record_LlAp13_b,2021-09-20
user_7bx6Mqfg,record_Pow0tYsp,2020-11-09
user_vZorLD7C,record_z0nnKEpf,2021-09-05
user_ou5rQRSO,record_2kklF76f,2023-02-18
user_3yJ3Aiti,record_MU_3JjGW,2023-12-28
user_PeA8wkO9,record_busbsKbh,2021-12-03
user_D7BGSpYO,record_LHSR1wL2,2022-08-29
user_C7ZFJnAW,record_lgiY9zk9,2023-05-15
user_3pq_-KwE,record_PSQOff0d,2020-07-04
user_PpTyeIhu,record_r_or1M-4,2021-08-12
user_RUJqlMJ6,record_ZnkBWjzp,2021-01-24
user_5lieqWQ_,record_kLosVUC-,2023-10-10
user_Q-L7bIWO,record_SSHsHLMf,2022-09-16
user_O-NYGIOg,record_Coymgxkx,2020-08-09
user_GfaXjXuk,record_iVKfqq-h,2021-03-16
user_Xz8NTBy3,record_8troH1JL,2022-06-24
user_T0Hu-k0M,record_nS51BATe,2023-08-27
user_YfYBs7IC,record_QbvxVUp1,2023-06-04
user_sdi-F6J4,record_WEwjKivH,2020-10-02
user_StO9MKAt,record_UDw8ObSE,2022-10-07
user_Y5yqhnYb,record_UwI5szBI,2022-09-13
user_zchuzJiN,record_MzFCNt8P,2021-06-11
user_A33op-ln,record__rSMlyBB,2020-12-10
user__0x6rWfX,record_TLuI8S6y,2023-03-09
user_YvL_YMzT,record_yCDUIy1H,2023-05-07
user_wL_pe4Kz,record_tV9bPLK9,2022-03-14
user_r41TUEKA,record__ySDUTBd,2020-02-15
user_FnEhLCwv,record_ICu6Dbmc,2020-08-26
user_Io31QP4y,record_bV1YOTbw,2022-08-21
user_JtMh9kTZ,record_93DaxK0s,2021-08-28
user_vJ-Cm6Mk,record_Snc4msmt,2021-10-31
user_POPYNr7l,record_amTjbueD,2021-09-23
user_Y7nXu_Ek,record__a5heqxj,2023-02-20
user_cCRV27i4,record_f6a4vyM4,2022-03-22
user_V0VNPkG9,record_gjd0t8rS,2021-04-01
user_amor_e2X,record_WqOHRKyD,2020-07-08
user_3KtUNBM6,record_6ig-v5IV,2021-08-14
user_m5erZFur,record_OynvQgsJ,2022-07-15
user_n3q-1wfP,record_Gl74D5OF,2022-06-06
user_wsSj4MaL,record_EtqRLJfK,2023-06-09
user_64T7TbC8,record_HLPKqIoh,2020-02-22
user_1CNoW-_M,record_vNdsWOEI,2020-03-01
user_nyIhrD99,record_VQNL6SYg,2023-04-17
user_hUgSEBDW,record_FyhJ9KcP,2021-06-15
user_rDWIH2jj,record_m040_dyy,2023-05-18
user_NBTc_PCH,record_QplWTJnj,2022-12-31
user_3H_RWyEZ,record_TyblTNh6,2021-12-05
user_vIBa3lFx,record_8jw570KU,2020-06-24
user_o_jc9ZWl,record_RNwnV1zR,2020-10-26
user_geMLolwT,record_0cSlHc3m,2020-04-13
user_I94NOiJG,record_t0-vP3hT,2020-08-12
user_4NMtXimJ,record_lW0jygES,2022-02-14
user_1zc23VyM,record_1eK6XDgN,2023-05-28
user_pzftH3SE,record_sXmscy7k,2020-07-08
user_3EujcncP,record__12y8MnB,2020-02-25
user_dos-QJeH,record_05NDMz9g,2023-08-28
user_G8FMSMb3,record_5dfGd6B5,2023-10-16
user_Vt_bdZJk,record_T_NOIugn,2020-08-11
user_t42ZYM3B,record_46QBZSYk,2020-02-19
user_g26gfqCd,record_xYsWwYUt,2021-06-05
user_yQKAAonV,record_9kG2k3gQ,2020-06-17
user_qBretVXd,record_n9CIT5YG,2020-06-01
user_qdM2lAnU,record_Tg9qJwop,2022-02-21
user_KjEEK2-w,record_k0Sq-oDK,2021-06-28
user_lxVDeTuE,record_6tbYEfsv,2020-07-18
user_RGvJwnNd,record_S3BTl4LQ,2022-04-16
user_qm4VYtT4,record_g_ubsF3s,2020-02-08
user_AQrv2BCA,record_HZZE5h9p,2021-03-31
user_-6xZN_3p,record_0BQTpN2B,2021-07-14
user_Ln1Ae2tE,record_Rj2wRyFK,2020-11-19
user_kbOhT6O8,record_uQne4zvo,2022-10-24
user__d4hoMKc,record_HCjBvbD7,2023-11-11
user_qfEWa2K0,record_Ffwy18pt,2020-11-21
user_jnWtimC8,record_i3EOWRfU,2021-07-21
user_41YxyXQN,record_gx6UZpID,2021-11-17
user_WKWGxlZa,record_696_41KT,2022-12-26
user_zoOuaU46,record_5JYrXOR8,2021-03-19
user_0I-IPVxu,record_3shPEtNs,2022-01-18
user_4pnqEDHT,record_1o0TZ67y,2021-07-13
user_kJ-3eJd6,record_qScf-st5,2020-09-22
user_eYOhuTa-,record_cXNsN5Gu,2021-02-24
user_0ZIeALBX,record_iOPtoG6i,2020-10-26
user_bHO43Y4w,record_vgE7t3o4,2023-04-05
user_yKQpzaDr,record_fIq2Wihl,2023-07-30
user_GreBxzP-,record_-fhYaOUM,2020-09-11
user_JGtG43Xg,record_7wjNttjg,2022-10-30
user_CAFn4Gif,record_jYYRHWEm,2021-04-24
user_-2Ijew-e,record_LPa9Udsj,2022-01-21
user_vf7hilkg,record_8aoUNWpw,2021-03-24
user_r5uhCh7S,record_YjhVGpy5,2022-02-11
user_VZlJ6pol,record_JhIampdU,2020-05-05
user_JbVDqFFl,record_D1E9H8Ly,2020-06-08
user_jhCDVnNU,record_PybJMqkX,2023-01-06
user_D5t1hYVg,record_YqMU8lAm,2022-09-27
user_jgW3yH_H,record_m0Mngc1L,2022-01-27
user_BWho5IC_,record_EJkDY8Ct,2020-05-19
user_9d3bJ0gQ,record_HbFa9cJ8,2021-11-17
user_MgLvuqYz,record_FhPv6NC5,2023-12-29
user_-EzOnF9o,record_ZLYD7HvD,2021-04-22
user_HfEsevIp,record_B7Qzhyi3,2022-05-10
user_ByXkfiU9,record_MZPlZrx1,2021-02-23
user_RFwrYnro,record_bbRfmZUM,2023-04-23
user_IGI2Blof,record_w88G7Yyr,2020-06-19
user_cbonL2Cx,record_s3RFSDaw,2022-05-11
user__vvg6plk,record_NyC947FY,2022-01-21
user_HjAtOSzH,record_OVWSIZda,2022-10-25
user_LySHTcL8,record_F8tfdtPo,2021-06-16
user_1YCp7K7l,record_wh5tYirz,2021-07-20
user_DyY4XTgu,record_rtCAvo31,2023-04-18
user_gLxW-ifd,record___zHPwYl,2021-12-03
user_nGubhjv7,record_gCy8KQY9,2021-06-14
user_LHeCLxeC,record_nkpghNEc,2020-04-05
user_GVEfq5s1,record_FUJzr2yj,2022-03-13
user_uA2soBbr,record_asMV-FFi,2020-01-20
user_ewJOLhbE,record_dOWhHZBH,2023-08-07
user_1W-9CpDZ,record_eQKGUuJi,2023-09-26
user__ExTLbWW,record_bmZ6Dusj,2021-12-05
user_7bx6Mqfg,record_s5hQPiKA,2022-05-02
user_vZorLD7C,record_XPgcvl6X,2022-08-12
user_ou5rQRSO,record_RMMR-jFK,2020-06-23
user_3yJ3Aiti,record_WvEUofrw,2022-07-26
user_PeA8wkO9,record_VLZhgK_V,2023-04-20
user_D7BGSpYO,record_Yrun4bLZ,2022-07-18
user_C7ZFJnAW,record_OEwI5rPl,2023-02-26
user_3pq_-KwE,record_qcOyajRv,2022-04-24
user_PpTyeIhu,record_EpA4GAym,2023-05-12
user_RUJqlMJ6,record_N7mjsIp6,2020-02-04
user_5lieqWQ_,record_acSUcsWh,2021-08-22
user_Q-L7bIWO,record_nso-4J5v,2020-11-15
user_O-NYGIOg,record_mV2Cb-nQ,2022-02-05
user_GfaXjXuk,record_0YmcniYD,2023-12-13
user_Xz8NTBy3,record_xQloxwMZ,2023-07-11
user_T0Hu-k0M,record_LSzqIYr9,2020-08-22
user_YfYBs7IC,record_iZCMMcGw,2021-07-06
user_sdi-F6J4,record_g6nmXaYp,2023-02-21
user_StO9MKAt,record_Ww--piGj,2020-08-03
user_Y5yqhnYb,record_faLphGZ0,2023-11-19
user_zchuzJiN,record_IZixCyIk,2021-04-09
user_A33op-ln,record_hai_Mh0f,2020-08-30
user__0x6rWfX,record_RvTPwRHF,2023-10-25
user_YvL_YMzT,record_UURpxhFn,2022-10-29
user_wL_pe4Kz,record_S5ySoFak,2023-08-30
user_r41TUEKA,record_0O6FA0MH,2022-12-30
user_FnEhLCwv,record_-p-lxlow,2020-06-21
user_Io31QP4y,record_0As9s1O_,2022-01-15
user_JtMh9kTZ,record_uRqE0Thd,2021-03-15
user_vJ-Cm6Mk,record_3bjfzpC7,2022-03-15
user_POPYNr7l,record_J_1Jm3hz,2022-02-06
user_Y7nXu_Ek,record_doodgCsS,2022-04-06
user_cCRV27i4,record_9zcnehpv,2020-11-09
user_V0VNPkG9,record_MRsu4RVF,2022-09-05
user_amor_e2X,record_zu_CN_4L,2022-06-20
user_3KtUNBM6,record_wV5ZOe9t,2022-07-11
user_m5erZFur,record_MEP0ljgA,2020-05-31
user_n3q-1wfP,record_a-CjbX-x,2020-11-04
user_wsSj4MaL,record_At7OJdWm,2023-05-19
user_64T7TbC8,record_TSGRlzO7,2020-08-22
user_1CNoW-_M,record_w31xTScQ,2023-09-27
user_nyIhrD99,record_uKsOFpIn,2022-01-31
user_hUgSEBDW,record_sOO35K0C,2021-01-21
user_rDWIH2jj,record_hXPADKt2,2021-12-10
user_NBTc_PCH,record_tCv1iiLz,2023-10-12
user_3H_RWyEZ,record_k71DZ1Ww,2021-09-11
user_vIBa3lFx,record_mvajb3-4,2022-11-30
user_o_jc9ZWl,record_vD7ndJMG,2023-11-27
user_geMLolwT,record_trbuuglr,2023-01-01
user_I94NOiJG,record_w7j2Czl-,2022-09-10
user_4NMtXimJ,record_zojaALu_,2023-10-22
user_1zc23VyM,record__teqskSD,2020-11-15
user_pzftH3SE,record_Y2bXOjuN,2020-11-02
user_3EujcncP,record_9XTP1Edj,2020-06-17
user_dos-QJeH,record_UjTCwjyA,2023-01-02
user_G8FMSMb3,record_-RRKmsds,2021-03-20
user_Vt_bdZJk,record_55860f_2,2020-03-04
user_t42ZYM3B,record_hDTW-1wP,2023-06-14
user_g26gfqCd,record_uSndrd8g,2020-08-09
user_yQKAAonV,record_ecQQytdX,2021-08-04
user_qBretVXd,record_M7RwQ-J4,2022-04-16
user_qdM2lAnU,record_ExjfsiJh,2021-03-17
user_KjEEK2-w,record_fJwunXEf,2021-06-15
user_lxVDeTuE,record_i7cACmX4,2023-02-20
user_RGvJwnNd,record_G2r83W50,2022-08-30
user_qm4VYtT4,record_K4xMvWNS,2021-11-04
user_AQrv2BCA,record_MEwx_1SV,2020-05-08
user_-6xZN_3p,record_27m2ZOXu,2020-08-02
user_Ln1Ae2tE,record_V1DxL9Sq,2022-04-17
user_kbOhT6O8,record_n-StEcyp,2021-06-22
user__d4hoMKc,record_vA1pb3qy,2023-11-24
user_qfEWa2K0,record_xLz4OUsd,2023-01-02
user_jnWtimC8,record_KYkmcof5,2020-07-17
user_41YxyXQN,record_l_Ph_5gA,2020-09-18
user_WKWGxlZa,record_ffeLJn0d,2021-06-01
user_zoOuaU46,record_KAeTvTdS,2021-01-30
user_0I-IPVxu,record_fVCMXf3H,2023-01-12
user_4pnqEDHT,record_S7iYtgFs,2022-02-26
user_kJ-3eJd6,record_h_LFOFp5,2021-10-02
user_eYOhuTa-,record_AM1v8-OG,2021-08-20
user_0ZIeALBX,record_A6RbDjoa,2020-03-08
user_bHO43Y4w,record_fy_hGj7Q,2022-02-27
user_yKQpzaDr,record_DSocKZeZ,2023-10-12
user_GreBxzP-,record_NfRQQaxl,2023-06-24
user_JGtG43Xg,record_uvdJJP-J,2020-09-19
user_CAFn4Gif,record_asmMUIot,2020-04-10
user_-2Ijew-e,record_uQyCTN7j,2021-01-18
user_vf7hilkg,record_lWJWvKNw,2022-11-21
user_r5uhCh7S,record_dOCtCgHp,2021-11-18
user_VZlJ6pol,record_vbD9l7eE,2020-02-10
user_JbVDqFFl,record_VV4R9_wB,2023-08-20
user_jhCDVnNU,record_ERH0sJ1O,2021-07-19
user_D5t1hYVg,record_rPYt48JE,2021-02-19
user_jgW3yH_H,record_T32yKmfv,2023-06-07
user_BWho5IC_,record_MnlYo1eZ,2022-04-15
user_9d3bJ0gQ,record_oMQbiGig,2023-02-19
user_MgLvuqYz,record_LszDqsaI,2021-01-23
user_-EzOnF9o,record_R5qYYpvm,2023-11-05
user_HfEsevIp,record_L_00f-J8,2020-05-29
user_ByXkfiU9,record_qALpui__,2023-08-16
user_RFwrYnro,record_O02oVGfH,2022-02-10
user_IGI2Blof,record_iGFRrzTx,2022-07-02
user_cbonL2Cx,record_XKWqxukP,2022-01-04
user__vvg6plk,record_uCe-y_u7,2022-08-14
user_HjAtOSzH,record_U0EqSeUV,2020-04-16
user_LySHTcL8,record_Qwlkk_ME,2021-12-01
user_1YCp7K7l,record_JHtozzeT,2020-03-10
user_DyY4XTgu,record_jv0_Jem9,2020-10-28
user_gLxW-ifd,record_CtcAdJ2f,2023-12-02
user_nGubhjv7,record_2_9Eojq-,2023-09-15
user_LHeCLxeC,record_bVh9ilOP,2021-06-21
user_GVEfq5s1,record_t-e4Ih32,2020-08-13
user_uA2soBbr,record_vK-5smIw,2021-09-24
user_ewJOLhbE,record_7sH54res,2023-01-25
user_1W-9CpDZ,record_l_oPgVCt,2023-12-22
user__ExTLbWW,record_x70SD1XJ,2022-07-16
user_7bx6Mqfg,record_6W2b3-Jk,2020-01-07
user_vZorLD7C,record_SWP6D7DK,2020-05-20
user_ou5rQRSO,record_bpGqHa4V,2023-05-04
user_3yJ3Aiti,record_TEbSVHQz,2022-06-24
user_PeA8wkO9,record_1Jv2T-Vc,2023-09-25
user_D7BGSpYO,record_Qng-jMTw,2021-03-14
user_C7ZFJnAW,record_eN_mQBar,2023-08-27
user_3pq_-KwE,record_ZoF6Vyig,2020-03-18
user_PpTyeIhu,record_sqqMQIFt,2023-11-25
user_RUJqlMJ6,record_cKAUz0AD,2023-04-20
user_5lieqWQ_,record_JdDMruZu,2021-10-19
user_Q-L7bIWO,record_sxdSQlh4,2021-06-14
user_O-NYGIOg,record_hFnq1a56,2023-04-12
user_GfaXjXuk,record_BOPw4Zjs,2023-01-30
user_Xz8NTBy3,record_ShCrM-QE,2020-06-20
user_T0Hu-k0M,record_3CyvbJlS,2020-03-03
user_YfYBs7IC,record_dxzIQhRz,2020-03-02
user_sdi-F6J4,record_lk1H_v60,2020-06-28
user_StO9MKAt,record_dKPETEe4,2020-01-19
user_Y5yqhnYb,record__yq2ctcM,2020-05-31
user_zchuzJiN,record_aHIQce7m,2023-10-07
user_A33op-ln,record_ENV2R0gn,2022-01-27
user__0x6rWfX,record_wgWKwpkv,2022-04-24
user_YvL_YMzT,record_G8KFREwk,2021-01-27
user_wL_pe4Kz,record_7HxgaRCm,2023-05-23
user_r41TUEKA,record_DCKVwONd,2022-06-17
user_FnEhLCwv,record_HKcjuozu,2020-07-18
user_Io31QP4y,record_aCFyS5AB,2021-03-15
user_JtMh9kTZ,record_Z2v1IaDy,2023-08-24
user_vJ-Cm6Mk,record_-wSMPSLY,2022-11-22
user_POPYNr7l,record_RjVg7fPJ,2022-05-05
user_Y7nXu_Ek,record_S_akrpTw,2020-12-12
user_cCRV27i4,record_KtZHsumt,2020-05-28
user_V0VNPkG9,record_yTwiYKbI,2020-06-15
user_amor_e2X,record_vYflhkwj,2020-11-25
user_3KtUNBM6,record_y24hgf6B,2022-06-07
user_m5erZFur,record_PENKTQbe,2022-02-08
user_n3q-1wfP,record_ZffQvNEI,2021-08-19
user_wsSj4MaL,record_ze2E8xfK,2022-05-10
user_64T7TbC8,record_z4aiwoUc,2022-02-13
user_1CNoW-_M,record_VBUHwkvv,2021-02-02
user_nyIhrD99,record_KflKb1sw,2020-01-25
user_hUgSEBDW,record_H7l5OW0r,2020-08-26
user_rDWIH2jj,record_g8NUC0lE,2020-06-21
user_NBTc_PCH,record_bO0eAL6Y,2020-01-23
user_3H_RWyEZ,record_XWrKzA9z,2020-06-30
user_vIBa3lFx,record_d4B1uN_i,2022-06-04
user_o_jc9ZWl,record_CjRlWNPT,2020-04-05
user_geMLolwT,record_hCZraNo9,2020-06-29
user_I94NOiJG,record_c1hc1DRB,2022-05-18
user_4NMtXimJ,record_-pZ3zoq1,2022-07-13
user_1zc23VyM,record_amEZNhB4,2022-10-29
user_pzftH3SE,record_sIs8cr8X,2023-08-27
user_3EujcncP,record_ZBUdneYC,2021-11-04
user_dos-QJeH,record_ryo3zhzK,2023-03-29
user_G8FMSMb3,record_qe_j16E4,2020-12-08
user_Vt_bdZJk,record_SbgA2XW3,2021-10-29
user_t42ZYM3B,record_-TEMTD4t,2023-04-28
user_g26gfqCd,record_XL5DBqhY,2021-12-30
user_yQKAAonV,record_s-a1qZ3K,2020-11-13
user_qBretVXd,record_83ghe-cb,2023-01-10
user_qdM2lAnU,record_TidR6mr2,2022-08-15
user_KjEEK2-w,record_4DPjXfsn,2023-08-06
user_lxVDeTuE,record_tUrtXXFc,2020-08-02
user_RGvJwnNd,record_YE0o1D-d,2023-03-09
user_qm4VYtT4,record_nu_BB6Z0,2023-01-02
user_AQrv2BCA,record_pQzX7B18,2021-10-17
user_-6xZN_3p,record_Svj2l6nR,2020-09-11
user_Ln1Ae2tE,record_y-Gd-o7d,2023-10-27
user_kbOhT6O8,record_azDNjF_l,2022-12-08
user__d4hoMKc,record_Vwffbuwm,2022-08-14
user_qfEWa2K0,record_18jEpvxQ,2023-02-08
user_jnWtimC8,record_s88T0G9n,2022-03-14
user_41YxyXQN,record_D6JE8d4b,2020-08-11
user_WKWGxlZa,record__rjS126-,2023-11-09
user_zoOuaU46,record__-_KGS0-,2020-01-21
user_0I-IPVxu,record_hRVgMgGW,2021-01-19
user_4pnqEDHT,record_LTymjFVe,2023-01-24
user_kJ-3eJd6,record_PMdxybQ0,2020-03-22
user_eYOhuTa-,record_gAX3goIj,2023-01-29
user_0ZIeALBX,record_sZ7JRxTz,2022-03-13
user_bHO43Y4w,record_BsrW4FEW,2023-12-16
user_yKQpzaDr,record_fZA_OuVB,2021-09-12
user_GreBxzP-,record_ivm-n6iM,2021-03-18
user_JGtG43Xg,record_0ZBVBTRl,2021-04-21
user_CAFn4Gif,record_WthCGld5,2022-05-28
user_-2Ijew-e,record_j1NgN74o,2020-07-02
user_vf7hilkg,record_DWA9qbMn,2022-03-06
user_r5uhCh7S,record_fje5z99U,2020-05-24
user_VZlJ6pol,record_fkoAdtWO,2022-03-14
user_JbVDqFFl,record_s2UkijFU,2021-04-29
user_jhCDVnNU,record_jLlrDkVX,2021-02-21
user_D5t1hYVg,record_bDZVtUNa,2023-01-20
user_jgW3yH_H,record_q19HxX6U,2023-10-07
user_BWho5IC_,record_WOwRw2Rs,2021-09-23
user_9d3bJ0gQ,record_pQDwHFxC,2023-12-24
user_MgLvuqYz,record_qulHJd7A,2023-04-05
user_-EzOnF9o,record_Y0ulDBpM,2023-07-17
user_HfEsevIp,record_Tev09T-n,2021-09-30
user_ByXkfiU9,record_826Z_Xbv,2022-07-28
user_RFwrYnro,record_j9eGIXG2,2023-12-06
user_IGI2Blof,record_gkxLHfqv,2021-07-25
user_cbonL2Cx,record_w8lfyQgL,2021-05-28
user__vvg6plk,record_1Svxi4qb,2020-10-20
user_HjAtOSzH,record_KX9SFBEB,2021-05-11
user_LySHTcL8,record_Ry2__gvZ,2021-05-08
user_1YCp7K7l,record_FqU8Dchu,2021-05-18
user_DyY4XTgu,record_pAJ8a3gc,2020-12-09
user_gLxW-ifd,record_Pjn3q8Fs,2023-05-22
user_nGubhjv7,record_YA3fWd6t,2023-05-19
user_LHeCLxeC,record_Mcd8ZINi,2020-01-16
user_GVEfq5s1,record_bCEvgFLF,2022-01-21
user_uA2soBbr,record_I85m2tYj,2022-09-16
user_ewJOLhbE,record_RAYVPQbw,2023-08-30
user_1W-9CpDZ,record_NmovzElw,2021-04-11
user__ExTLbWW,record_OH56SN7p,2021-08-07
user_7bx6Mqfg,record_4tk9lipt,2022-06-18
user_vZorLD7C,record_fdmFzIXE,2021-11-28
user_ou5rQRSO,record_e6fv6F2s,2023-12-23
user_3yJ3Aiti,record_KmIgPLrD,2021-10-28
user_PeA8wkO9,record_MxDviJag,2023-09-24
user_D7BGSpYO,record_UEPNm_-p,2020-04-02
user_C7ZFJnAW,record_jvU-OZgi,2020-06-09
user_3pq_-KwE,record_pfjQOE8-,2021-04-30
user_PpTyeIhu,record_BWU6BRM2,2023-02-28
user_RUJqlMJ6,record_-aynAdc3,2020-02-10
user_5lieqWQ_,record_yUy5dsL6,2021-06-10
user_Q-L7bIWO,record_ZKLqfhT7,2020-12-10
user_O-NYGIOg,record_FblcS2Oq,2022-10-21
user_GfaXjXuk,record_Gf0T2_RW,2021-10-27
user_Xz8NTBy3,record_j89LSxhR,2023-05-26
user_T0Hu-k0M,record_R4PCyaTv,2023-08-22
user_YfYBs7IC,record_COnuIL4-,2023-12-21
user_sdi-F6J4,record_v-2ntDZO,2020-12-24
user_StO9MKAt,record_Ck3Mu2WC,2021-08-22
user_Y5yqhnYb,record_-4px5oXh,2023-10-29
user_zchuzJiN,record_aTsMVTVF,2020-05-25
user_A33op-ln,record_fAJu4_Ym,2020-10-08
user__0x6rWfX,record_5xHH8Kki,2020-06-17
user_YvL_YMzT,record_74WS_giE,2020-11-08
user_wL_pe4Kz,record_F1ZcnVTG,2023-07-27
user_r41TUEKA,record_ycvpGkO-,2022-05-04
user_FnEhLCwv,record_bJgHRTIp,2021-03-28
user_Io31QP4y,record_-MCCEGwI,2023-01-25
user_JtMh9kTZ,record_QEwyVeN3,2021-07-09
user_vJ-Cm6Mk,record_xYIorZRQ,2022-02-26
user_POPYNr7l,record_C0v8J9CX,2022-01-04
user_Y7nXu_Ek,record_HOJ3dWbX,2020-07-31
user_cCRV27i4,record_74uVVgO9,2022-09-07
user_V0VNPkG9,record_94kUyApo,2023-10-04
user_amor_e2X,record_tA1RrNt5,2020-08-06
user_3KtUNBM6,record_F8po9-Sl,2021-12-17
user_m5erZFur,record_RIOKpZlM,2022-11-06
user_n3q-1wfP,record_svoJGLeR,2023-05-02
user_wsSj4MaL,record_pv1-AmWk,2023-07-23
user_64T7TbC8,record_mlRD6A6A,2023-12-22
user_1CNoW-_M,record_mp6CxlC-,2020-06-13
user_nyIhrD99,record_tJyxSLCT,2020-04-17
user_hUgSEBDW,record_LF7qA1Hn,2023-08-08
user_rDWIH2jj,record_K2A9QNej,2023-08-30
user_NBTc_PCH,record_kNzxgADO,2023-10-15
user_3H_RWyEZ,record_eg1yrTm7,2020-12-07
user_vIBa3lFx,record_fdeEp7eJ,2020-07-12
user_o_jc9ZWl,record_0eUntaps,2020-01-23
user_geMLolwT,record_0wzc_NUF,2020-01-20
user_I94NOiJG,record_gRGHqV7e,2022-07-05
user_4NMtXimJ,record_xorS3Tbs,2023-01-02
user_1zc23VyM,record_G1bsOR6U,2020-06-05
user_pzftH3SE,record_W9xtIHK9,2022-06-08
user_3EujcncP,record_Vt_nBUHG,2023-02-15
user_dos-QJeH,record_jXgtHbj_,2021-06-03
user_G8FMSMb3,record_kWOMjtW-,2023-01-02
user_Vt_bdZJk,record_Sz65aOyD,2023-05-16
user_t42ZYM3B,record_XDJiJIn7,2021-11-04
user_g26gfqCd,record_CW6LDHJ1,2023-12-20
user_yQKAAonV,record_wJjuR9NW,2022-08-31
user_qBretVXd,record_x-gskZP6,2020-04-04
user_qdM2lAnU,record_asaUll7h,2021-04-04
user_KjEEK2-w,record_POwS-cNP,2021-01-19
user_lxVDeTuE,record_jsVkBUAZ,2023-06-21
user_RGvJwnNd,record_KLaHkqa6,2021-11-01
user_qm4VYtT4,record_iTL30RxC,2022-05-03
user_AQrv2BCA,record_3B29FD14,2020-06-07
user_-6xZN_3p,record_mcKqko9J,2022-02-13
user_Ln1Ae2tE,record_BbT_seo0,2021-03-01
user_kbOhT6O8,record_Yt-0CYHY,2023-02-16
user__d4hoMKc,record_HfVRbpF_,2022-10-23
user_qfEWa2K0,record_XVBGfEp6,2022-02-19
user_jnWtimC8,record_so84XuCo,2020-05-06
user_41YxyXQN,record_jLN3CRL3,2022-07-03
user_WKWGxlZa,record_9PGDade0,2020-07-04
user_zoOuaU46,record_qVeE1_wk,2020-02-05
user_0I-IPVxu,record_coilRiOs,2023-07-12
user_4pnqEDHT,record_2EHblm_v,2022-12-29
user_kJ-3eJd6,record_erAEdDI4,2021-11-24
user_eYOhuTa-,record_C5fDlgmu,2022-06-19
user_0ZIeALBX,record_V3xj58lo,2020-01-14
user_bHO43Y4w,record_0w1XVF_t,2023-11-12
user_yKQpzaDr,record_LEHUSb8E,2023-11-26
user_GreBxzP-,record_-izyuEN6,2023-03-25
user_JGtG43Xg,record_1--NEqTZ,2020-01-09
user_CAFn4Gif,record_HsmaRoR7,2023-06-19
user_-2Ijew-e,record__Q0eaQMV,2020-10-28
user_vf7hilkg,record_eHRBDBl9,2022-03-02
user_r5uhCh7S,record_OM62aOIw,2023-03-15
user_VZlJ6pol,record_Wm6m7ORA,2022-07-08
user_JbVDqFFl,record_ReqMz9US,2021-04-16
user_jhCDVnNU,record_ueL2W_La,2021-02-11
user_D5t1hYVg,record_G1Ovj8Wu,2021-08-26
user_jgW3yH_H,record_Mf0tkyO3,2021-02-06
user_BWho5IC_,record_V-L1nUtj,2023-11-11
user_9d3bJ0gQ,record_6tgU3Wpc,2021-02-15
user_MgLvuqYz,record_FiDnHK7F,2022-12-26
user_-EzOnF9o,record_IstdDayD,2022-03-22
user_HfEsevIp,record_MSHtNwRp,2021-04-19
user_ByXkfiU9,record_phRbcVQD,2020-06-14
user_RFwrYnro,record_JgeO4SGg,2023-05-15
user_IGI2Blof,record_2JQfmjkW,2020-03-22
user_cbonL2Cx,record_Nv8MHnmq,2021-04-24
user__vvg6plk,record_YLrxK0cL,2021-06-07
user_HjAtOSzH,record_XXzIYSmv,2020-04-21
user_LySHTcL8,record_yrn_lx48,2020-11-13
user_1YCp7K7l,record_5pISS_Um,2022-03-25
user_DyY4XTgu,record_l-b-8dir,2023-09-06
user_gLxW-ifd,record_0y4Gn7si,2021-07-20
user_nGubhjv7,record_JWh_mrEP,2022-04-07
user_LHeCLxeC,record_XjLH4s0h,2020-08-02
user_GVEfq5s1,record_Kr7-MHRX,2022-11-08
user_uA2soBbr,record_apsJqFY5,2020-07-24
user_ewJOLhbE,record_XNkows4y,2020-07-28
user_1W-9CpDZ,record_f4kw4aLT,2020-03-13
user__ExTLbWW,record_AxmR6brO,2021-08-16
user_7bx6Mqfg,record_kSYM1AUY,2021-11-12
user_vZorLD7C,record_4lEYumiA,2023-08-24
user_ou5rQRSO,record_As7kM6Cc,2022-02-15
user_3yJ3Aiti,record_0pBrEKo2,2021-06-11
user_PeA8wkO9,record_qO33zGBN,2022-01-18
user_D7BGSpYO,record_qARtu3Xg,2021-07-31
user_C7ZFJnAW,record_0GFYkvyW,2020-09-26
user_3pq_-KwE,record_X95-IH5K,2021-08-14
user_PpTyeIhu,record_BFbD8ciG,2023-07-23
user_RUJqlMJ6,record_HQmIO6Qr,2020-08-11
user_5lieqWQ_,record_wnwe5LLi,2020-09-28
user_Q-L7bIWO,record_9NgLmVsi,2020-06-11
user_O-NYGIOg,record_TsIy5buf,2021-11-21
user_GfaXjXuk,record_63jkVCsF,2021-03-10
user_Xz8NTBy3,record_ZIeWCPP4,2020-01-01
user_T0Hu-k0M,record_zIe-VE5K,2021-07-26
user_YfYBs7IC,record_vwSjx1ay,2022-08-06
user_sdi-F6J4,record_DC9Ggd9E,2023-06-15
user_StO9MKAt,record_8xyzlUWa,2020-06-30
user_Y5yqhnYb,record_hca0JpZ2,2021-04-08
user_zchuzJiN,record_0O4A1uPH,2022-01-19
user_A33op-ln,record_Q99mDPk4,2021-07-05
