user_id,subscription,first_name,last_name
user_-6xZN_3p,monthly,Anne,Bowers
user_kbOhT6O8,monthly,Nathan,Love
user__d4hoMKc,monthly,Tracy,Banks
user_qfEWa2K0,yearly,Aaron,Carson
user_jnWtimC8,monthly,Christine,Nunez
user_41YxyXQN,free,Michelle,Drake
user_WKWGxlZa,free,David,Ramirez
user_0I-IPVxu,yearly,Jonathan,Evans
user_4pnqEDHT,monthly,Kristine,Brown
user_eYOhuTa-,monthly,Emily,Peterson
user_yKQpzaDr,monthly,Nicole,Mcgee
user_GreBxzP-,free,Jason,Swanson
user_JGtG43Xg,yearly,Kristen,Smith
user_CAFn4Gif,yearly,Rachel,Schmidt
user_vf7hilkg,yearly,Joseph,Gross
user_r5uhCh7S,free,Zoe,Richards
user_VZlJ6pol,monthly,Brian,Morrison
user_jhCDVnNU,monthly,Sergio,Hays
user_BWho5IC_,free,Jason,Obrien
user_9d3bJ0gQ,monthly,Regina,Ballard
user_RFwrYnro,yearly,Shannon,Johnson
user_IGI2Blof,yearly,Richard,Sanders
user_cbonL2Cx,monthly,Lynn,Mullins
user_HjAtOSzH,free,Lynn,Morgan
user_1L8QOpYv,free,Robert,Bates
user_1YCp7K7l,free,Sean,Booker
user_DyY4XTgu,yearly,Emily,Dixon
user_gLxW-ifd,monthly,Michael,Hunter
user_nGubhjv7,yearly,Stephanie,Berry
user_4GhDrc4Y,free,Mark,Rivers
user_LHeCLxeC,yearly,Ashlee,Freeman
user_gO1KPo0y,yearly,Michelle,Adams
user_ZNb451C9,free,Michael,Mcdonald
user_GVEfq5s1,monthly,Teresa,Thomas
user_cWptaV9B,free,Susan,Booth
user_uA2soBbr,yearly,Joshua,Wyatt
user_O1djtiH5,yearly,Rebekah,Wilkerson
user_JhMewCw-,yearly,Stanley,Riley
user_DCamb8AK,yearly,Joseph,Davis
user_ewJOLhbE,yearly,Beth,Copeland
user_1z8mNQAq,monthly,Timothy,Morris
user_dLmKAKCV,monthly,Alyssa,Garcia
user_1qWFUUDk,free,Amber,Wright
user_1W-9CpDZ,free,Jason,Davis
user__ExTLbWW,monthly,Lisa,Townsend
user_GnLJxcMa,monthly,Jennifer,Wyatt
user_k5vNBKnX,monthly,Linda,Warner
user_7bx6Mqfg,free,James,Davenport
user_Wlaznzaj,yearly,Vanessa,Ibarra
user_biKNBL6J,yearly,Kathryn,Santos
user_yhZamet0,monthly,Michael,Ramirez
user_EMq-O792,free,Willie,Curtis
user_vZorLD7C,yearly,Billy,Owens
user_ou5rQRSO,free,Blake,Johnson
user_xF4xR_iW,monthly,Daniel,Woodard
user_YIaFm4Ak,yearly,Hector,Meyer
user_3yJ3Aiti,monthly,Roy,George
user_kRIqAClU,free,Lisa,Moore
user_PeA8wkO9,yearly,Travis,Jones
user_FxBzoyUv,free,Teresa,Jones
user_DKa2s0Am,monthly,James,Bryant
user_D7BGSpYO,yearly,Steven,Wilson
user_C7ZFJnAW,monthly,Elizabeth,Myers
user_qut1R27v,yearly,Sandra,Campbell
user_nqMlPg1r,monthly,Charles,Yu
user_SK2AAUla,monthly,Austin,Mills
user_ju6NwwjV,free,Kyle,Golden
user_JzHNlEXr,free,Edwin,Green
user_3pq_-KwE,free,Hannah,Schmidt
user_PpTyeIhu,yearly,Mark,Allen
user_04JO2Lh1,free,Sean,Rice
user_2eLmvtxV,monthly,Sarah,Ross
user_RUJqlMJ6,free,David,Gaines
user_3C5Ced5b,free,Lisa,Erickson
user_5lieqWQ_,monthly,Bruce,Riley
user_t6StawaS,free,Paul,Sanchez
user_WeotxGJW,free,Rachel,Goodwin
user_CMczMJUQ,yearly,Lisa,Lopez
user_0geeGahd,free,Dennis,Michael
user_aH4FvJyL,monthly,Heather,Smith
user_Q-L7bIWO,monthly,Kevin,Mills
user_O-NYGIOg,yearly,David,Carroll
user_Mz75mf2v,monthly,Kenneth,Stewart
user_GfaXjXuk,yearly,Shannon,Young
user_Xz8NTBy3,yearly,Kathleen,Gardner
user_W9nt5h3M,yearly,Ryan,Anderson
user__hWHGYuW,yearly,Louis,Taylor
user_T0Hu-k0M,yearly,Linda,Rivera
user_YfYBs7IC,yearly,Grant,Clark
user_aWzmMD7w,yearly,Jordan,Ward
user_sdi-F6J4,free,Linda,Walsh
user_oBTdKAk-,yearly,Justin,Krause
user_StO9MKAt,free,Amanda,Miller
user_K-g85pTk,free,Randall,Sanders
user__A_KzfBq,free,Jeffrey,Franco
user_fQcpE0tW,yearly,Michael,Scott
user_Y5yqhnYb,monthly,Derek,Taylor
user_zchuzJiN,monthly,Tammy,Villarreal
user_A33op-ln,monthly,Stephen,Graham
user_E-270_4G,free,Phillip,Myers
user__0x6rWfX,yearly,Chad,Parker
user_B18S7tqB,free,Carrie,Brown
user_YvL_YMzT,yearly,Brandon,Hale
user_wL_pe4Kz,monthly,Carlos,Robbins
user_r41TUEKA,free,Jerry,Lopez
user_FnEhLCwv,free,Heather,Jones
user_uzPbJtPh,free,Karen,Molina
user_Io31QP4y,yearly,Brandy,Richardson
user_JtMh9kTZ,monthly,Donald,Griffin
user_wN1I7IzE,yearly,Corey,Wang
user_KHvQ5nfN,monthly,Scott,Woods
user_vJ-Cm6Mk,free,Sean,Holmes
user_POPYNr7l,yearly,Dominic,Mills
user_N28-GJeM,monthly,Terri,Pham
user_Y7nXu_Ek,monthly,Jamie,Farley
user_cCRV27i4,monthly,Vincent,Young
user_5fgoBaOC,monthly,Nicole,Anderson
user_07TZ_5bz,monthly,Michael,Smith
user_pd2t5WK4,monthly,Melissa,Williams
user_V0VNPkG9,yearly,Edgar,Mckenzie
user_vRs-JARm,free,Sandra,Malone
user_amor_e2X,yearly,Jason,Sherman
user_3KtUNBM6,free,Larry,Morgan
user_m5erZFur,yearly,Dana,Myers
user_n3q-1wfP,free,Cameron,Hill
user_noiIAu_N,free,Connie,Huang
user_wsSj4MaL,yearly,Paul,Anderson
user_kH57AloB,free,Anthony,Flowers
user__Z-PSArS,monthly,Amanda,Johnson
user_64T7TbC8,free,Edwin,Patterson
user_swmk3hCI,monthly,Deanna,Boyd
user_Sg8j4eJ9,monthly,Rachel,Riley
user_1CNoW-_M,free,Mary,Gallegos
user_nyIhrD99,free,Brittany,Graham
user_yW32cmnL,free,Kevin,Edwards
user_hUgSEBDW,monthly,Cheryl,Quinn
user_rDWIH2jj,monthly,Jenny,Thompson
user_NBTc_PCH,yearly,Anita,Howard
user_3H_RWyEZ,yearly,Seth,Dodson
user_7CFxWVcJ,yearly,Wendy,Mills
user_s20mtRZS,free,Samantha,West
user_vIBa3lFx,monthly,Catherine,Duran
user_p-0jJTyn,monthly,John,Wilson
user_o_jc9ZWl,free,Alexandria,Lewis
user_CUufhlqy,monthly,Victoria,Burke
user_y3lo2Uf-,monthly,Doris,Baker
user_z00f908O,monthly,Daniel,Wilkins
user_OjzCb4Q-,yearly,Savannah,Watson
user_zSTRGNm_,monthly,Corey,Vance
user_geMLolwT,yearly,Nathan,Torres
user_CFMZkT1U,monthly,Joann,Wallace
user_cFtPFY4r,free,Danny,Mitchell
user_MCal3myT,yearly,Danielle,Harvey
user_BjlA1gX3,yearly,Victor,Malone
user_I94NOiJG,free,Savannah,Pugh
user_4NMtXimJ,yearly,Melody,Brown
user_1zc23VyM,monthly,Isabella,Anthony
user_V41Po1eF,monthly,Stacy,Williams
user_EtKq93oS,yearly,Meghan,Hardy
user_1LVdy-AN,free,Dana,Foley
user_Hh-AAJsZ,yearly,Jeremy,Clay
user_pzftH3SE,monthly,Jade,Clarke
user_3EujcncP,monthly,Victor,Khan
user_no_beFSV,monthly,Brittany,Martinez
user_dos-QJeH,yearly,Jason,Cooper
user_G8FMSMb3,free,Roy,Johnson
user_cST4EEJv,free,Amber,Brady
user_Vt_bdZJk,yearly,Kimberly,Wood
user_t42ZYM3B,monthly,Raymond,Horn
user_g26gfqCd,free,Luis,White
user_YOhtznl_,monthly,Robert,Smith
user_yQKAAonV,monthly,Thomas,Holmes
user_qBretVXd,yearly,Barbara,Peterson
user_qdM2lAnU,free,Stephanie,Pearson
user_YTrAQ7Gz,monthly,Amber,Cox
user_okmuqWUr,free,Jennifer,White
user_617AoFZD,monthly,Kelsey,Everett
user_KjEEK2-w,yearly,Hannah,Martin
user_Y8MNoV0N,free,Holly,Woodward
user_V7UL5PM9,yearly,Nicole,Giles
user_lxVDeTuE,yearly,Madison,Cooper
user_RGvJwnNd,monthly,Brittany,Moreno
user_qm4VYtT4,free,Daniel,Herman
user_2fBlE7U1,monthly,Travis,Reid
