record_id,title,genre
record_rfmlrRfx,Statement matter,Country
record_ox3Cb0Gn,Media behavior about,Pop
record__xm5sgJi,Able somebody like,Gospel
record_MYJSTjgN,Big worry,Reggae
record_gWcAXHNX,In group,Punk
record_NX80fj_s,Pick administration,Punk
record_1sLXxrAi,Need pressure way,Blues
record_3gDYPR4m,Easy degree allow,Jazz
record_1487gZZ9,Civil government find,Indie
record_lyI0ZEDE,Citizen well,Techno
record_-W-GocE-,Care total,R&B
record_ekybfggL,Mind security sure,Gospel
record_N3GEiW22,Finish foot,Indie
record_kHiIlK-R,Than laugh smile,Reggae
record_O5FMHr_v,College right interview,Punk
record_El7mLdPZ,Especially condition,Latin
record_xfeCLreT,Audience star apply,Pop
record__k2HnkDe,End build different,R&B
record_PTgE_grv,Sit pay political,Reggae
record_WLG99NJ1,Market until somebody,Soul
record_ce_qe3ta,Interest too ask,Soul
record_LwkJ5JCi,Show security institution,Electronic
record_dkbIBGGV,Myself wife,Soul
record_Pu4rJ4Bp,Drive skin,Blues
record_FW5BXlko,Could seven rest force,Reggae
record_EqH_5bOv,Range world,Disco
record_o-0EUlaG,Car Democrat,Gospel
record_L_NigRZd,Computer offer central,Punk
record_ArdMJStm,Listen from hand,Techno
record_Sr4UlpOp,Reflect,Funk
record_XE5NDavd,Ever real responsibility,Metal
record_aMYhc4ft,Them both address,Reggae
record_dYhVxHwt,Stand office,Soul
record_tsVpRXiC,Dinner activity clearly,Punk
record_dyp6cgb0,Show here,Rock
record_4Fa9uTeV,Success use,Gospel
record_2zZIrqYT,Right stage fall federal,Reggae
record_35ngv_My,Like that,Disco
record_Tvggw1Ba,Note draw especially,Pop
record_J0_SIDum,Name agent body bar,Folk
record_DE_oS76Y,Amount reflect same,Jazz
record_HsDLz5sk,Sign customer,R&B
record_DRO8vfVQ,North expert moment,Soul
record_spTcrxX3,Increase difference,Classical
record_uHLSH86e,Boy require,Disco
record_CRZu7Rt7,Crime safe interview,Electronic
record_Szq0xAdr,Forget prevent picture event,Rock
record_-mBMjvsW,Turn certainly style,Indie
record_VVTgykFm,Dog since,Electronic
record_7xYhx8Do,Play thus,Latin
record_X7fxMOd0,Perhaps image relate,Metal
record_wfp9s1lY,Keep from,Disco
record_4BWVOEiU,Citizen scene modern,Punk
record_7Lzoh-jg,Cell try,Punk
record_wQh7Nlg3,Candidate foreign grow,Jazz
record_4ydK9qUD,Question war,Folk
record_7HScrf9O,Memory never,Folk
record_DfoU1lcE,Picture financial reduce,Classical
record_FIRDRYvL,Body give,Classical
record_YZL5UJGY,Drop country,Electronic
record_hQN8jUPP,Second social,Electronic
record_2UGYwMVP,Manage measure,Pop
record_mDqvnHAA,Few professor population,Soul
record_teZevWYu,Marriage government event,Latin
record_L9Phfwgr,Value type win,Country
record_QkDdfYgc,Their,Country
record_42899DD6,Police yes,Gospel
record__gArKN_B,Nothing candidate,Indie
record_p65RFBmw,Show realize,Techno
record_jpHrzaUU,Bed,Indie
record_o7aUc_BH,Stage program,Folk
record_g6Tqwuib,Case director energy,Funk
record_2eURwtHV,People number sign,Blues
record_ou3JN5uO,Recognize shoulder,Techno
record_Jjzyn9Dd,Nature agent budget,Reggae
record_1uB8ebif,Military keep,Jazz
record__3Epesz7,Training citizen many,Reggae
record_A9nTcIWM,Tonight large suggest,Pop
record_rZXoDJfU,Watch admit,Gospel
record_aDUkRELE,Media never road deep,Gospel
record_w0i85vtS,Serve either think,Metal
record_yGqN1a3q,Indicate similar,Reggae
record_uNTF9E9B,Physical probably,Metal
record_dmWoHvw5,Weight history level action,Hip-Hop
record_hCCF8AoG,Year,Latin
record_asbiwcyp,Think well what,Gospel
record_INlvPsaq,Place up,Rock
record_EHPzW6NX,Prevent watch,Metal
record_FfYhjBLq,Or mean ground,Hip-Hop
record_DhMrmLMM,Daughter president least,Folk
record_pNm2Kbu3,Wish physical industry above,Metal
record_dxZjfNVb,Form similar,Pop
record_u1y0-1ky,Occur just,Hip-Hop
record_QkLfYlhc,Talk history,Country
record_mZIeKqh6,Book rest,Classical
record_NvihYZ0x,Very like,Blues
record_ZhsS76Iv,Against well there,Rock
record_3N3TR1uF,Term until,Gospel
record_Fj2iBZOH,Compare,Electronic
record_g0G7J7XB,Discussion,Classical
record_yFmeZAla,Trial main,Rock
record_bG0tjI3I,Foot finish after energy,Jazz
record_bRXOEUQR,Everybody responsibility,Funk
record_jyqpRNdR,Organization draw,Latin
record_SONVulLW,Quickly my really,Disco
record_JgKPdFN4,People effect,R&B
record_TqWoNqOy,Recent,Funk
record_8ZsRwNBh,Agent institution,Hip-Hop
record__RNEpN-u,After forward,Indie
record__2M0PFnK,Process western less,Funk
record_S7I3H2Um,Level popular wall,Latin
record_p3_TLS1F,Work successful possible,Folk
record_1snzzVAi,Catch,Metal
record__FKxpFPb,With of street,Country
record_Mvk7aoAM,Onto,Classical
record_u-PJFQXj,Religious recent draw,Metal
record_zqeRnGnh,Discover rate,Jazz
record_OhXxghxL,Score parent,Jazz
record__TzJq077,Amount there drop,Gospel
record_k-5YGOOE,Evidence story note,Hip-Hop
record_J_FUP0zv,Financial water,Latin
record_jkm2CSDv,Hour myself seat,Metal
record_EP4UfL9a,Mission break take,Rock
record_lbd19GJB,Town word,Metal
record_9i6Xv84O,Impact wind true,Folk
record_QSXx2NRz,Current way that,Rock
record_oh49HQxu,Daughter on,Gospel
record_o390P0sv,Price investment,Reggae
record_zBMEwmgE,Community project,Classical
record_rrYOqMMi,School skin,Electronic
record_-Sb-VXhj,Never popular by,Soul
record_d4YCQkZp,Cover,R&B
record_Rz8FlliL,Democrat economic,Reggae
record_sKn5z8c6,Manage trial through,Punk
record_G9ofhtD6,Song place,Techno
record_OWcQWnj7,Woman various,Soul
record_AyKmA-X_,Election,Funk
record_DE5T6J1L,Performance peace,Hip-Hop
record_BPBcke6s,Call,R&B
record_llblnTLL,Operation think,Jazz
record_kCIatZo2,Write quite,Funk
record_hJccYc8z,Officer surface,Latin
record_nueLxkGi,Event idea actually,Disco
record_PWKdtEkv,Feel behavior away,Soul
record_3sD7j38B,Since,Classical
record_keyGqJJC,Dark fund,Jazz
record_4YSPcHgg,Event up,Hip-Hop
record_-TEqrUmp,First southern,Electronic
record_HKu2LoAS,Task administration,Gospel
record_s1oyEl5_,Conference group end,Folk
record_2c21Pg0K,Tonight prepare author,Techno
record_l8mS8yM1,Somebody evidence,Pop
record_f9YLO0JR,Factor great,Electronic
record_nP7r2NXR,Sister human,Funk
record_ZbwFoPk_,Body marriage point,Classical
record_ZYnWSSwI,Exactly less,Techno
record_SO0-u0dV,Wall allow,Techno
record_id7GWkgn,Fight only animal,Hip-Hop
record_lwqGcRK3,Of,Soul
record_YePrZd0U,Heavy reflect,Country
record_MJEyiO22,Value past last,Funk
record_CasSsfZE,Their rich product,Metal
record_i4vXXVUt,Blue true now,Punk
record_pXPE2Kyg,Indeed management parent,Latin
record_sjZRzUgS,Role push,Pop
record_-FlXuJ31,First cell,Metal
record_Impd_qSL,Many executive environment,Rock
record_KTLsXgRT,Meet year,Indie
record_0DcWWj6d,Exactly life,Hip-Hop
record_c0WGFvrs,Less middle,Electronic
record_gasAi6pk,Family,Gospel
record_0nJUqhcs,Term,Reggae
record_Jgalwm3Z,Team already challenge,Gospel
record__a3xe1OA,Add,Metal
record_JsyQb8VL,Table offer because,Punk
record_8K3gveU9,Environmental indeed,Electronic
record_qOo7QQ1U,Manage one glass,Punk
record_ZCSRvT1k,One table know kind,Latin
record_aWgW7m63,Form,Latin
record_a9iCg-zo,Red out population reality,Blues
record_qFwdI4vJ,Long address,Electronic
record_paOuDAZH,Interesting,Rock
record_iP2XgJxf,Admit other,Electronic
record_doobvh90,Into movie travel stuff,Rock
record_jj7OcZFB,Under total throughout,Electronic
record_jc-bfwq0,Information information million between,Jazz
record_AChx0Ddl,He certain,Electronic
record_ZNoduLSZ,Security buy,Latin
record_hj7Y2ypA,Firm drop,Electronic
record_uuIPPgaE,Sing nearly,Reggae
record_aScrQmG1,Body throw fire,Punk
record_IQKeVCly,Degree wall one,Hip-Hop
record_RIdtGT0V,Their want,Classical
record_WLZ2cITM,Every institution poor kitchen,Folk
record_o5_Wxsgi,It more store,Indie
record_dqJtODYk,Five college other,Soul
record_ot_RVHhw,Unit member,Jazz
record_pfxpz2bX,Thousand style stuff,Latin
record_BQ2JQ_Pj,May plant foreign,Classical
record_nQfsQ6Co,Our scientist Congress,Rock
record_3fLGPTfG,Our determine,Pop
record_KO3z9gC2,Month design step,Gospel
record_K64TeExr,Student well,Soul
record_bQBWZD8D,Customer air,Rock
record_kV2ihBIa,Age where,R&B
record_ZGopq_UK,Low over,Pop
record_wgompdPa,Send manager president,Blues
record_nGlvEaiJ,Partner trouble something,Techno
record_5GHdWMbQ,Population return former,Latin
record_u8e4OQne,Ahead wife,R&B
record_jHllve6d,Individual,Classical
record_c7ki6HFb,Laugh lawyer poor,Metal
record_GJPvQj1u,Animal evidence,Disco
record_XeCbp3Nm,Personal yes,Pop
record_9hlJcU8G,Debate know home,Electronic
record_h5DhllfY,Coach citizen,Gospel
record_nFiPzLB-,After west how particularly,Classical
record_itYxpyMY,Clearly good,Metal
record_RKP6yqbE,Health or scene,Rock
record_zKVi8D2c,Want good,Funk
record_NPnub0jY,Probably TV,Reggae
record_BACcZKJT,Institution tell century probably,Rock
record_jazNHMKQ,Understand catch Mr,Electronic
record_GQ-xLi0o,Resource,Folk
record_--4_Ht0N,None stage,Soul
record_wbsCq4Sx,Best until but,Gospel
record_zjNIsELz,Strong democratic,Punk
record_N0VtSSBm,Response decide,Disco
record_XvhUEAfv,Smile thousand practice among,R&B
record_9wapSNbl,Task majority type,Funk
record_4-YD7ggN,Want might,Latin
record_btS5uG6m,Call natural,Soul
record_6cMOhetz,Democratic what,Soul
record_d8fR-7pY,Land move,Metal
record_gbjKTa9A,Modern drive six level,Classical
record_dEvCMpSn,Member us artist,Pop
record_2dc4MM5W,Lawyer thing,Blues
record_3jUj1Mlw,Successful but up,Hip-Hop
record_bt0yFt4j,Machine quickly spring,Indie
record_uYfLJ1AZ,Production none ahead best,Blues
record_9WSnH7xj,Become better,Indie
record_rxzZ60M7,Out,Gospel
record_eRzlL9zf,Their pull gas,Latin
record_IQ5I1QMW,Red drop bill,Folk
record_EiA6hbF-,Statement bring,Blues
record_MdwgKrMl,Movement can try series,R&B
record_YlGerra-,Because little course,Punk
record_9oWzxDbW,Be wife big,Hip-Hop
record_-2WQnPOg,Decide center,Blues
record_U0X7quUS,Politics eat fight,Pop
record_GFGBbmMb,Else special money,Gospel
record_Ml3ptOqJ,Into six move,Metal
record_3JBizm_h,Republican her another,Funk
record_D4GVEsYl,Page tend run close,Techno
record_l4x6LAcR,Big,Indie
record_190CbjDc,Serve think,Rock
record_iqEbraP2,Road center follow,Electronic
record_YtUmWzLL,Operation their,Jazz
record_TRL41Wb4,Attack house,Latin
record_olCyfVRe,Water film,Latin
record_ISdvmmso,Late listen,Gospel
record__zXFrTq4,Admit subject,Indie
record_PcRE2AfZ,Government,Jazz
record_Gu2hkEks,His relate forward,Gospel
record_mOCMikvj,Talk fall structure,Soul
record_TD2d2fyq,Challenge,Hip-Hop
record_CRmKW8qw,People owner end,Soul
record_dYNVe-Nx,Though opportunity,R&B
record_PbbqY_1q,But study,Jazz
record_8u6O1XFC,Front onto,Pop
record_nddEYXwc,War,Jazz
record_sCkFJGOr,Now friend Mr draw,Reggae
record_icMji2yA,Direction of guy,Jazz
record_XWvGOKqj,Thought teach group,Country
record_51zx5w5v,Focus idea defense,Jazz
record_3nEeNw8K,Their write reveal,Pop
record_ooOei41M,Century onto more,Rock
record_X4Gdy0pQ,Population rate,Techno
record_pFuS7QTn,Treatment husband,Latin
record_kajkYA6q,Nation stop,Classical
record_q2sV716m,Pm office,Rock
record_lzWJ0Y8Z,Blue option,Blues
record_66k4BC_D,Crime,Disco
record_zPNakhXh,Bag seat,Disco
record_yuJEnrBd,Mr ability trade,Gospel
record_pDTohdKL,Painting painting,Indie
record_Wr_bHeYF,Article always,Jazz
record_rQjg2Dc0,Account anyone success,Metal
record_IGkGJgCJ,Why six speak,Soul
record_qZjEnJJ9,Article material teach,Funk
record_XFzLDCnK,Series white account,Gospel
record_hID-1fd4,Think husband,Punk
record_5N0-XMbE,Amount actually stay,Funk
record_44L4MzoT,Everything rock fly month,Indie
record_-4Zyng4Y,Line well,Techno
record_o5vwmLQw,Store writer town,Reggae
record_zPWrkwmV,Officer nation product,Techno
record_ig8adWqL,This gas wish,Indie
record_VyjsQLuk,Building very fire,Disco
record__khRIuXG,Real able,Punk
record_go1HywGK,Money material,Funk
record_LY_qSPbp,Guess offer,Latin
record_BZOB8ngA,Process time third,Rock
record_ivFKwdAY,Ten send,Rock
record_Kg9tQSNt,City can painting,Reggae
record_2pdv52xP,Vote me provide,Country
record_vRnwrPke,However or officer throughout,Hip-Hop
record_GF7-Jj5b,Modern country upon view,Rock
record__SItPzH7,Difficult level,Techno
record_9qH2QtHz,Relate,Punk
record_YOPRLvli,Herself them light,Jazz
record_ticHwaU7,Remember watch leave,Latin
record_sW_A_BFi,Site me,Folk
record_7gK3XQPk,Current they wear,Classical
record_qPAJ7hwk,Court local,Latin
record_cx_G9O3f,Expect report,Jazz
record_KO30atrZ,Walk question film,Disco
record_beWmx6YS,Serious father,Classical
record_BeRE7M8m,Long,Techno
record_zrQrDuVs,Manage high cell,Disco
record_xl37EYBP,Within position,Soul
record_4G-_HAXA,No drop,R&B
record_6r0lcRAA,Prove trouble,Latin
record_ne0jpDj3,Manage,Soul
record_5lWWzoha,Street entire blood,Rock
record_tehe_6T8,Arrive century,Reggae
record_aRzT9s9Z,Family watch main,R&B
record_AhopvsaT,Less sometimes direction,Gospel
record_4COSqXXj,Middle miss president,Techno
record_EYOBbTS2,House during,Metal
record_paByV0tL,Indicate,Disco
record_-hoG87iQ,Situation mention least,Funk
record_E_b7KnSc,Dog,Folk
record_cgzHyJfi,House film,Latin
record_CSITbi99,Show edge away,Indie
record_VLOTRkpJ,High research,Punk
record_eB16K8lw,Cover fish,Rock
record_bsdmMZBh,Treatment mother best,Soul
record_zYyYCn_Q,Until listen,Jazz
record_0pJGP5Nd,Interest although,Latin
record_Ac8nXglm,Social natural,Gospel
record_cpkHCmrv,It security green,Reggae
record_oCF9p6_0,Help real,Pop
record_Xiv0G2si,Send network,Funk
record_FlTzxIOs,Exactly factor,Funk
record_wWM0lv0y,Little feeling little,Rock
record_zEEDu495,Talk Democrat,Classical
record_nwvF4SiS,Billion discussion yourself,Hip-Hop
record_fkuDSZ4G,Apply size,Gospel
record_UYLIOm3E,Exist talk similar,Indie
record_qSfTDJD9,Collection night,Electronic
record_onRwv7vF,Billion ability,Techno
record_K04XLR6i,Green simple,Blues
record_LyObfwZ9,Free say,Rock
record_v_GImsTV,Whether throw low,Techno
record_esGKKPcm,Scientist organization everyone,Metal
record_pCcJKFJf,Edge lay,Blues
record_0riIiTUV,Develop between prove,Folk
record_Ufj7hybq,Ground account,Electronic
record_ZFKVfRnL,Great dark past,Punk
record_qwLsAm0Q,Success plan,Latin
record_0vRy4STd,Around build north,Soul
record_7KeXdCog,Owner man,Hip-Hop
record_zLYTEeCK,Mouth actually,Soul
record_fSRmTxA8,Light common,Electronic
record_LRXnqjdF,Do without head,Soul
record_wKi2udBZ,May box around,Reggae
record_eJzO_Prb,Collection,Pop
record_GiSENYQm,Sing cultural say,Punk
record_qeg4bxcp,But game positive,Punk
record_aTruIC6d,Person hour collection,Hip-Hop
record_DyxX1xzS,Stage state generation,Indie
record_6khtQZJQ,Wish,Folk
record_OVGjRcEY,Compare center,Latin
record__C4Dv0mq,Majority box,R&B
record_H3ll61Qj,Walk stuff,Classical
record_29JfNicA,Account common could,Pop
record_L_OhLaWv,Practice nice of,Classical
record_Yhh0BPJE,Beautiful plan every,Gospel
record_J50rWLV8,Impact yourself address laugh,Techno
record_99SPpanT,Wall wait majority,Pop
record_Gc6AsgBW,Film card east,R&B
record_u7OaJL8_,Third remember,Folk
record_vMjIC07Q,Both practice least,Hip-Hop
record_HfxA9vam,Product you,Soul
record_HVvFyEEW,Voice expert operation usually,Latin
record_Yx-SaFFJ,Ok,Funk
record_uHqJ6ruP,Support others,Punk
record_pmjY1cak,Hope art create,Folk
record_SggetBLP,Over let with,Hip-Hop
record_8_ObKmp9,Because explain,Rock
record__AcYy9o6,List occur evening coach,Gospel
record_F7fyvxt-,Media drive,Reggae
record_Djo5mkQv,Personal,Blues
record_cm_bCd5r,Thousand local question,Folk
record_rwKmpLnd,Power decade fact,Soul
record_qsQV3BtA,Morning street Mr wonder,Gospel
record_qXGEvAuY,Full,Folk
record_xXAwFzGj,Cold full second,Rock
record_VolqmMjj,New machine,Disco
record_mrTpslMP,Than buy night,Disco
record_AyBI80fP,Model prove,Rock
record_lGhcHo8U,Bank part,Punk
record_qnIcy6Nx,Discuss effort,Latin
record_TQq-5gbJ,Federal ask culture,Jazz
record_apnGnHd3,Painting article military,Electronic
record_DDqUNgKB,Pattern behind approach,Punk
record_v9ZA7GKZ,Run fall yourself,Metal
record_NgFFM1s8,Owner,Disco
record_huLLTG5z,Want six quickly,Blues
record_nYzXyhXU,Per democratic sort,Country
record_qosHmpJZ,Story key thing,Classical
record_ppZGSeqN,Able us,Blues
record_CnPjMFOH,Move increase,Pop
record_lzaGBvN2,Watch,Folk
record_BOzGaszA,Simply religious somebody myself,Blues
record_Ltmb-ito,Way real,Funk
record_wQkACt14,Customer money,Funk
record_07cLQXBM,Media human tonight,Jazz
record_5nVoBGSl,Responsibility art woman,R&B
record_S31N8ofg,Yet thousand clearly,Metal
record_pGW5DOlQ,Star effort,Country
record_Al18qrVB,Rather interesting statement,Latin
record_K3fA-pRq,Scientist on,Hip-Hop
record_U4yflvEV,During environment these,Classical
record_d2L2-Sqa,Magazine marriage determine,Hip-Hop
record_CryJl51K,Two purpose stop,Jazz
record_lN7PVglx,National fast,Soul
record_19dBM6wn,Wish real,Disco
record_quBDvc5D,Such view economy,R&B
record_IG8yLf_B,Money friend,Punk
record_0JC9U4zG,Charge relate now,Funk
record_al-0oWtt,Growth yes already,Funk
record_m5B2PMjW,Sell billion return personal,Disco
record_ZVNA5eB1,Itself represent even relate,Funk
record_jQc13Ru4,Happy end,Country
record_WUqkdEsv,Wait feel simple kind,Indie
record_McPyocSy,Total TV,Hip-Hop
record_bUqna1SJ,Sell film people,Soul
record_2MY1iYGm,Director way north,R&B
record_PK8ZNqX5,Trial customer say,Jazz
record_FpA6IE6-,Article though door,Latin
record_U9akBa9S,Moment brother television,Funk
record_pUuOyYX9,Under measure,Funk
record_u3NlqMd6,Network management,Disco
record_Fvj3wr5B,Even try music,Punk
record_00GE_FMY,He near relate,Gospel
record_YX7lhxDo,Above might amount,Reggae
record_iHo2TUWN,Break physical PM,Classical
record_aK1Ak7AL,Point owner now,Folk
record_NfeQyLYj,Eye TV,Folk
record_VtEUMa92,Great wide course,Reggae
record_K7-zDxnM,Person value,Gospel
record_WrmNn70N,Near according exactly also,Latin
record_6QMDbLtV,Experience owner box,R&B
record_eTYxED6e,Style region,R&B
record_n7ikgTZR,Environmental be,Blues
record_T9UXi3YA,Rise production,Reggae
record_paivwi-Y,Current central,R&B
record_biw01h_9,Career analysis reveal,Folk
record_aTITEZNb,Game natural environmental,Punk
record_vqBy8Mg0,Western parent firm speech,Soul
record_rJ5DKBiY,Its beyond,Reggae
record_u9xbGnLa,Mother for day,Jazz
record_QyhIL4VF,Bar talk long,Jazz
record_7n0h_8QD,Truth finally local,Reggae
record_geNCL3in,Follow keep thank,Jazz
record_nXKP0dqc,Second concern star,Rock
record_EKahw74C,Push film institution,Soul
record_lq5s6Y-0,They rather,Folk
record_NMagpw23,Such manage key,Electronic
record_affPBJC7,Organization rise,Disco
record_dVCtabgv,Court relate,Rock
record_YIQQ7kbm,Prevent expert agent,Country
record_20_7c3NV,Campaign score,Hip-Hop
record_n0dkIwQB,Available scene federal heart,Blues
record_NTJJfmoR,To finish,Jazz
record_-VrRn94I,Stage method,Classical
record__npopT1V,Bill like,Rock
record_6-0TnZsi,Manage ball upon history,Reggae
record_KK6646Ps,Wish always part,Techno
record_f58rN472,Knowledge force read,Metal
record_qXpBc4nq,Statement experience ago,Gospel
record_9hY_gOJJ,President white which,Folk
record_hlZb2GMB,Society important research,Funk
record_Tz5cKm4J,Consider item sense,Techno
record_2OLwiNYM,Day degree easy,Funk
record_HLg0HgGM,Act administration player,Jazz
record_CV0secsW,Eat lay however usually,Latin
record_ooUhiWik,Its either,Reggae
record_tndq5KQF,Woman city,Disco
record__J6szVkY,Expert risk,Latin
record_IhH7XOuq,Make education type,Latin
record_bx1BS69r,Popular service,Reggae
record_GKdN5CGU,Race during big,Gospel
record_YMxw30xU,Loss bag force,Folk
record_uSL9wmpV,Understand,R&B
record_JNYyBSOX,See spend consumer color,Latin
record_cMouFqO-,Mind entire,Rock
record_DgmHE1gN,Surface thousand,Metal
record_MC_ya9Zs,Experience scientist bad,Pop
record_WQ2pQ-Fq,News explain might turn,Funk
record_ali5_5-F,Describe exist,Soul
record_P9x7VImB,Mr quality page,Hip-Hop
record_TgoS_OTq,Simply,Punk
record_NDPSewS2,Enough child under,R&B
record_7YsamEqp,Occur,Jazz
record_4CKNWooD,Possible of scientist,Electronic
record_uEoMY2Ms,Degree ball lead yard,Disco
record_pi6qIF8Q,Young huge,Country
record_5km5JHUS,Pick owner minute protect,Blues
record_zyTt9wMN,Reflect special,Reggae
record_IHFPISxr,Lead happy rich happy,Reggae
record_LlAp13_b,Economy industry market,Blues
record_Pow0tYsp,Stand until treatment,Jazz
record_z0nnKEpf,State fall risk,Metal
record_2kklF76f,Oil activity and bank,Blues
record_MU_3JjGW,Whose hear,Disco
record_busbsKbh,Share government face,Reggae
record_LHSR1wL2,Network plant,Disco
record_lgiY9zk9,Big politics fish,R&B
record_PSQOff0d,Understand yourself suggest,Disco
record_r_or1M-4,Recognize particularly,Country
record_ZnkBWjzp,Reveal despite about certainly,Hip-Hop
record_kLosVUC-,Remember research,Gospel
record_SSHsHLMf,Edge certainly,Jazz
record_Coymgxkx,Home,Indie
record_iVKfqq-h,Sort send determine,Hip-Hop
record_8troH1JL,Some avoid popular,Latin
record_nS51BATe,Company energy,Electronic
record_QbvxVUp1,Charge serious partner,Soul
record_WEwjKivH,Check hard politics,Classical
record_UDw8ObSE,Plant worker doctor,Techno
record_UwI5szBI,Interest shake drug,Jazz
record_MzFCNt8P,Daughter third,Metal
record__rSMlyBB,Than organization,Punk
record_TLuI8S6y,Ready wait age,Folk
record_yCDUIy1H,Base,Gospel
record_tV9bPLK9,Event them,Electronic
record__ySDUTBd,Home adult stuff,Classical
record_ICu6Dbmc,Worry weight,Electronic
record_bV1YOTbw,Capital either beyond,Classical
record_93DaxK0s,Chance crime window,Disco
record_Snc4msmt,My deal,Indie
record_amTjbueD,No break large,Rock
record__a5heqxj,Show ever police,Hip-Hop
record_f6a4vyM4,Option cup,Folk
record_gjd0t8rS,Increase community business,Classical
record_WqOHRKyD,Floor,Soul
record_6ig-v5IV,Stage program,Indie
record_OynvQgsJ,Strategy either action,Disco
record_Gl74D5OF,Protect everything,Disco
record_EtqRLJfK,Sing six,Classical
record_HLPKqIoh,Involve bag able,R&B
record_vNdsWOEI,Article bit its edge,Techno
record_VQNL6SYg,Owner paper,Indie
record_FyhJ9KcP,Interest team,R&B
record_m040_dyy,Size animal,Classical
record_QplWTJnj,Necessary light,Folk
record_TyblTNh6,She election,Latin
record_8jw570KU,Model six,Folk
record_RNwnV1zR,East writer somebody,Pop
record_0cSlHc3m,Respond might admit,Blues
record_t0-vP3hT,Administration thing against,Electronic
record_lW0jygES,Public,R&B
record_1eK6XDgN,Mother cost day,R&B
record_sXmscy7k,Institution live,Country
record__12y8MnB,Your everybody across,Techno
record_05NDMz9g,Tonight success,Punk
record_5dfGd6B5,However student direction,Classical
record_T_NOIugn,Meeting pull learn indeed,R&B
record_46QBZSYk,Manage address born any,Reggae
record_xYsWwYUt,Music religious charge,Folk
record_9kG2k3gQ,Nor community,Techno
record_n9CIT5YG,Never season production,Metal
record_Tg9qJwop,Fish write,Folk
record_k0Sq-oDK,Allow still growth,Pop
record_6tbYEfsv,Shoulder bit indeed,Country
record_S3BTl4LQ,Popular,Classical
record_g_ubsF3s,But work head they,Gospel
record_HZZE5h9p,Summer civil political beat,Folk
record_0BQTpN2B,Tell live,Blues
record_Rj2wRyFK,Left reason,Disco
record_uQne4zvo,Authority suggest mother,Pop
record_HCjBvbD7,Kitchen only loss,Folk
record_Ffwy18pt,Fact source role,Techno
record_i3EOWRfU,Day such,Hip-Hop
record_gx6UZpID,Sea security hold,Country
record_696_41KT,Hope there scientist,Techno
record_5JYrXOR8,Detail son,Electronic
record_3shPEtNs,Compare go,Gospel
record_1o0TZ67y,It for occur wide,Punk
record_qScf-st5,Player food finally,Electronic
record_cXNsN5Gu,May still once,Folk
record_iOPtoG6i,Production simply,Metal
record_vgE7t3o4,Out water,Indie
record_fIq2Wihl,Actually experience,Reggae
record_-fhYaOUM,Foot who,Pop
record_7wjNttjg,Center performance,Punk
record_jYYRHWEm,Put sport this,Gospel
record_LPa9Udsj,Away air,Rock
record_8aoUNWpw,Simply,Electronic
record_YjhVGpy5,Appear,Country
record_JhIampdU,Move against class,Rock
record_D1E9H8Ly,Style war,Punk
record_PybJMqkX,Relationship pressure condition,Punk
record_YqMU8lAm,Kid develop,Reggae
record_m0Mngc1L,Site south,Hip-Hop
record_EJkDY8Ct,Treatment,Reggae
record_HbFa9cJ8,Forget improve,Classical
record_FhPv6NC5,Position option hair,Blues
record_ZLYD7HvD,Couple star perhaps,Disco
record_B7Qzhyi3,Sound together,Funk
record_MZPlZrx1,So reveal,Electronic
record_bbRfmZUM,Determine stage him,Electronic
record_w88G7Yyr,Look huge movement,Funk
record_s3RFSDaw,Sport capital cause,Disco
record_NyC947FY,But marriage admit listen,Latin
record_OVWSIZda,Another still deep,Metal
record_F8tfdtPo,Rest establish everyone,Funk
record_wh5tYirz,Shoulder during,Country
record_rtCAvo31,Big sense,Soul
record___zHPwYl,Here yet cut now,Blues
record_gCy8KQY9,I available,Rock
record_nkpghNEc,Civil explain customer,Country
record_FUJzr2yj,Life success total,Classical
record_asMV-FFi,Focus dream,Pop
record_dOWhHZBH,Popular wife million,Rock
record_eQKGUuJi,Idea lay,Electronic
record_bmZ6Dusj,Occur none,Blues
record_s5hQPiKA,No sport still,Punk
record_XPgcvl6X,Measure check,Country
record_RMMR-jFK,Gun end ever,Reggae
record_WvEUofrw,Material season,Disco
record_VLZhgK_V,Prevent size man,Latin
record_Yrun4bLZ,Leader another,Hip-Hop
record_OEwI5rPl,Success end challenge,Hip-Hop
record_qcOyajRv,Provide dinner help,Reggae
record_EpA4GAym,Child,Punk
record_N7mjsIp6,Participant party apply,Reggae
record_acSUcsWh,Side pay,Blues
record_nso-4J5v,Coach could agreement,Blues
record_mV2Cb-nQ,Home,Indie
record_0YmcniYD,Direction around price,Classical
record_xQloxwMZ,Safe other behind,Classical
record_LSzqIYr9,Personal work,Classical
record_iZCMMcGw,He whom,Punk
record_g6nmXaYp,Movie physical north,Classical
record_Ww--piGj,Fact gun for,Electronic
record_faLphGZ0,No,Metal
record_IZixCyIk,Significant risk,Blues
record_hai_Mh0f,Each they,Techno
record_RvTPwRHF,Day billion,Electronic
record_UURpxhFn,Ask vote,Electronic
record_S5ySoFak,Someone within,Techno
record_0O6FA0MH,Check expert heavy,Funk
record_-p-lxlow,Bring weight range,Disco
record_0As9s1O_,Western city painting adult,R&B
record_uRqE0Thd,Fund you action,Funk
record_3bjfzpC7,Player,Electronic
record_J_1Jm3hz,Level until institution,Disco
record_doodgCsS,Dark military cause,Metal
record_9zcnehpv,From look without,Funk
record_MRsu4RVF,Full actually thus,Hip-Hop
record_zu_CN_4L,Agency billion,Indie
record_wV5ZOe9t,Plant son lead,R&B
record_MEP0ljgA,Throw possible society,Classical
record_a-CjbX-x,Wrong beat,Folk
record_At7OJdWm,Economy human sometimes,Techno
record_TSGRlzO7,Put bill during,Techno
record_w31xTScQ,Whose raise second,Rock
record_uKsOFpIn,Appear,Hip-Hop
record_sOO35K0C,Drive interview door suggest,Blues
record_hXPADKt2,Town class town,Electronic
record_tCv1iiLz,Accept,Classical
record_k71DZ1Ww,He book article,Funk
record_mvajb3-4,Attention media,Pop
record_vD7ndJMG,Reason mission answer,Soul
record_trbuuglr,Next early she,Hip-Hop
record_w7j2Czl-,Next,R&B
record_zojaALu_,Pm politics,Funk
record__teqskSD,Hospital nearly staff,Metal
record_Y2bXOjuN,Congress organization,Latin
record_9XTP1Edj,Responsibility bill each push,Punk
record_UjTCwjyA,Affect year two,Pop
record_-RRKmsds,Medical them,R&B
record_55860f_2,Return war,R&B
record_hDTW-1wP,International dinner color,Metal
record_uSndrd8g,End serve,Jazz
record_ecQQytdX,Someone turn red,Folk
record_M7RwQ-J4,Approach side bit,Disco
record_ExjfsiJh,All piece,Reggae
record_fJwunXEf,Yourself medical age,Punk
record_i7cACmX4,Already anything,Gospel
record_G2r83W50,Left huge,Folk
record_K4xMvWNS,The here care,Punk
record_MEwx_1SV,General job heavy,Country
record_27m2ZOXu,Born friend,Country
record_V1DxL9Sq,Soldier couple,Techno
record_n-StEcyp,Which task community,Country
record_vA1pb3qy,Really woman him,Punk
record_xLz4OUsd,Police whose goal,Funk
record_KYkmcof5,Marriage spring speech,Country
record_l_Ph_5gA,Wonder may,Hip-Hop
record_ffeLJn0d,Professional than,Techno
record_KAeTvTdS,Important military,Punk
record_fVCMXf3H,Book young,R&B
record_S7iYtgFs,Quickly,Punk
record_h_LFOFp5,East history there particularly,Latin
record_AM1v8-OG,Behavior social catch prove,Latin
record_A6RbDjoa,Ask he,Rock
record_fy_hGj7Q,Either act language,R&B
record_DSocKZeZ,Personal policy,Folk
record_NfRQQaxl,System TV,Punk
record_uvdJJP-J,According,Techno
record_asmMUIot,Candidate prove,Rock
record_uQyCTN7j,Apply decision rich,Soul
record_lWJWvKNw,Customer company learn,Metal
record_dOCtCgHp,Whose hand sense Democrat,Country
record_vbD9l7eE,Site early,Electronic
record_VV4R9_wB,Nor effort,Blues
record_ERH0sJ1O,Most American account,Funk
record_rPYt48JE,Least lot,Jazz
record_T32yKmfv,Write many,Hip-Hop
record_MnlYo1eZ,Nothing ten economic,Funk
record_oMQbiGig,Stand step,Folk
record_LszDqsaI,Analysis language,Punk
record_R5qYYpvm,Task,Funk
record_L_00f-J8,Garden approach,Hip-Hop
record_qALpui__,Old put,Disco
record_O02oVGfH,Chance much,R&B
record_iGFRrzTx,Low bar usually,Country
record_XKWqxukP,Wait more attention,Folk
record_uCe-y_u7,College specific science,Techno
record_U0EqSeUV,Represent ground,R&B
record_Qwlkk_ME,Marriage action,Latin
record_JHtozzeT,Idea discussion them social,Latin
record_jv0_Jem9,Others tax,Disco
record_CtcAdJ2f,Beat major,Gospel
record_2_9Eojq-,Can think,Latin
record_bVh9ilOP,Before here trip,Soul
record_t-e4Ih32,Several Democrat offer team,Reggae
record_vK-5smIw,Player sit,Indie
record_7sH54res,Anyone tonight employee,Hip-Hop
record_l_oPgVCt,Republican agency which building,Classical
record_x70SD1XJ,Discussion security skin,Disco
record_6W2b3-Jk,Small century stop,Gospel
record_SWP6D7DK,Pay all culture,Pop
record_bpGqHa4V,Standard treatment say last,Metal
record_TEbSVHQz,Thank option,Soul
record_1Jv2T-Vc,Scene whole send,R&B
record_Qng-jMTw,Project network eat,R&B
record_eN_mQBar,Old protect activity,Techno
record_ZoF6Vyig,Practice tend,Classical
record_sqqMQIFt,Site mission record maintain,Disco
record_cKAUz0AD,Everything whom alone,Gospel
record_JdDMruZu,Remain skin,Techno
record_sxdSQlh4,Born generation heavy,Hip-Hop
record_hFnq1a56,Professor city seek,Latin
record_BOPw4Zjs,View,Rock
record_ShCrM-QE,Make nice change,Soul
record_3CyvbJlS,Degree young discussion,Metal
record_dxzIQhRz,Area let cost,Soul
record_lk1H_v60,Everything relationship network,Blues
record_dKPETEe4,Decade thus,R&B
record__yq2ctcM,Girl usually four,Latin
record_aHIQce7m,Stage much of,Electronic
record_ENV2R0gn,Along their,Reggae
record_wgWKwpkv,Want PM,Punk
record_G8KFREwk,Child west everybody,Folk
record_7HxgaRCm,Office issue,R&B
record_DCKVwONd,Social condition,Folk
record_HKcjuozu,Old radio,Folk
record_aCFyS5AB,Determine dark,Country
record_Z2v1IaDy,Nor both hard,Funk
record_-wSMPSLY,Child authority ability,Folk
record_RjVg7fPJ,Miss surface term,Rock
record_S_akrpTw,Throughout movie sort law,Punk
record_KtZHsumt,Save high growth,R&B
record_yTwiYKbI,Western fear,Reggae
record_vYflhkwj,Leave garden there experience,Reggae
record_y24hgf6B,Water property,Funk
record_PENKTQbe,Civil garden wind,Techno
record_ZffQvNEI,Employee green store,Pop
record_ze2E8xfK,Staff either,Jazz
record_z4aiwoUc,Third save,Classical
record_VBUHwkvv,Share painting hotel,Gospel
record_KflKb1sw,Of think officer mention,Punk
record_H7l5OW0r,By push,Reggae
record_g8NUC0lE,Too direction wife,Latin
record_bO0eAL6Y,Answer order firm,Blues
record_XWrKzA9z,Put office size,Soul
record_d4B1uN_i,Education eye say,R&B
record_CjRlWNPT,Accept laugh box,Rock
record_hCZraNo9,Resource best us,Pop
record_c1hc1DRB,Clear onto audience,Country
record_-pZ3zoq1,Skin environment coach,Gospel
record_amEZNhB4,Pull black beat social,Folk
record_sIs8cr8X,Artist could teach,Hip-Hop
record_ZBUdneYC,What chair,Indie
record_ryo3zhzK,Military public remember,Soul
record_qe_j16E4,Well place,Reggae
record_SbgA2XW3,Defense serious green,Blues
record_-TEMTD4t,Statement remember,Blues
record_XL5DBqhY,Good agency think,Techno
record_s-a1qZ3K,Though wish describe,Folk
record_83ghe-cb,Son deal,Indie
record_TidR6mr2,By site one,Jazz
record_4DPjXfsn,Sing at,Funk
record_tUrtXXFc,Look blood lay,Techno
record_YE0o1D-d,Lawyer run beautiful,Electronic
record_nu_BB6Z0,Participant front since price,Funk
record_pQzX7B18,Result guess for,Gospel
record_Svj2l6nR,Success example,Disco
record_y-Gd-o7d,Seat word,Latin
record_azDNjF_l,Single once,Blues
record_Vwffbuwm,Theory her bar,Pop
record_18jEpvxQ,And career,Rock
record_s88T0G9n,Region before,Techno
record_D6JE8d4b,Nearly staff east,Country
record__rjS126-,Whom,Gospel
record__-_KGS0-,Always home,R&B
record_hRVgMgGW,Herself car customer,Classical
record_LTymjFVe,Control consider,Techno
record_PMdxybQ0,Open test,Classical
record_gAX3goIj,Them before,Electronic
record_sZ7JRxTz,Quickly central reflect,Punk
record_BsrW4FEW,Student standard,Gospel
record_fZA_OuVB,Suffer goal near,Gospel
record_ivm-n6iM,Specific interview,Hip-Hop
record_0ZBVBTRl,Chair seven,Jazz
record_WthCGld5,Of,Reggae
record_j1NgN74o,Loss company specific,Indie
record_DWA9qbMn,Them now,Pop
record_fje5z99U,Issue tell cell,Country
record_fkoAdtWO,Leader natural,Latin
record_s2UkijFU,Teach value next,Folk
record_jLlrDkVX,Color information set,Electronic
record_bDZVtUNa,First throw,Disco
record_q19HxX6U,Individual not,Classical
record_WOwRw2Rs,Risk wish risk tough,Blues
record_pQDwHFxC,Myself mother join,Folk
record_qulHJd7A,Century,Soul
record_Y0ulDBpM,Shake watch trouble,Disco
record_Tev09T-n,First some,Punk
record_826Z_Xbv,Learn there,R&B
record_j9eGIXG2,Low low social,Soul
record_gkxLHfqv,Health after sister during,R&B
record_w8lfyQgL,Office ago name growth,Rock
record_1Svxi4qb,Candidate join protect,Disco
record_KX9SFBEB,Building specific,R&B
record_Ry2__gvZ,Any,Metal
record_FqU8Dchu,She fight attack,Soul
record_pAJ8a3gc,It final we,Techno
record_Pjn3q8Fs,Unit recently,Folk
record_YA3fWd6t,Meet and,Classical
record_Mcd8ZINi,Benefit him these,Gospel
record_bCEvgFLF,Land kid,Indie
record_I85m2tYj,Part paper pretty,Latin
record_RAYVPQbw,I truth,Soul
record_NmovzElw,Sometimes new time,Folk
record_OH56SN7p,Even carry wide,Techno
record_4tk9lipt,To experience enjoy,Hip-Hop
record_fdmFzIXE,Even,Blues
record_e6fv6F2s,Participant reflect,Funk
record_KmIgPLrD,Evidence choose,Latin
record_MxDviJag,Program task believe break,Blues
record_UEPNm_-p,Western movie,Jazz
record_jvU-OZgi,Newspaper book,Techno
record_pfjQOE8-,Throw determine her,Soul
record_BWU6BRM2,Tree newspaper recent,Funk
record_-aynAdc3,Dream six,Folk
record_yUy5dsL6,Those maintain,Funk
record_ZKLqfhT7,Education ok detail,Gospel
record_FblcS2Oq,Lawyer off,Funk
record_Gf0T2_RW,Property your,Disco
record_j89LSxhR,Rich answer we,Folk
record_R4PCyaTv,Reduce,Electronic
record_COnuIL4-,Green wife glass,Funk
record_v-2ntDZO,Ground sign,Soul
record_Ck3Mu2WC,Discover fast,Disco
record_-4px5oXh,Forward score matter,Soul
record_aTsMVTVF,Ask woman student,Pop
record_fAJu4_Ym,Them when appear,R&B
record_5xHH8Kki,Month close near,Indie
record_74WS_giE,Money always,Gospel
record_F1ZcnVTG,Attention miss,R&B
record_ycvpGkO-,Wide down data,Pop
record_bJgHRTIp,Include night,Punk
record_-MCCEGwI,Serious find letter,Folk
record_QEwyVeN3,Something citizen provide,Soul
record_xYIorZRQ,Conference family,Hip-Hop
record_C0v8J9CX,Past again few focus,Pop
record_HOJ3dWbX,Phone,Jazz
record_74uVVgO9,Mean PM,Blues
record_94kUyApo,Relate,Folk
record_tA1RrNt5,Nothing road,Punk
record_F8po9-Sl,Director,Gospel
record_RIOKpZlM,Leave child might,Disco
record_svoJGLeR,Himself hospital car,Reggae
record_pv1-AmWk,She nearly,Disco
record_mlRD6A6A,Speak political few,Funk
record_mp6CxlC-,Partner debate require,Blues
record_tJyxSLCT,Pull coach,Reggae
record_LF7qA1Hn,Might tax,Jazz
record_K2A9QNej,Southern card,Soul
record_kNzxgADO,Head,Jazz
record_eg1yrTm7,Real growth,Punk
record_fdeEp7eJ,Full environmental,Funk
record_0eUntaps,Give put per,Punk
record_0wzc_NUF,Before economy near,Funk
record_gRGHqV7e,Lose research,Pop
record_xorS3Tbs,Need seek benefit,Country
record_G1bsOR6U,Kind according so remain,Disco
record_W9xtIHK9,Political technology,Classical
record_Vt_nBUHG,Be sign hair,Techno
record_jXgtHbj_,Really his,Rock
record_kWOMjtW-,Nation strong,Gospel
record_Sz65aOyD,Other approach blood,Indie
record_XDJiJIn7,Near yard,Punk
record_CW6LDHJ1,Clearly however main,Rock
record_wJjuR9NW,Collection city service,R&B
record_x-gskZP6,Central sea,Reggae
record_asaUll7h,Phone mind him,R&B
record_POwS-cNP,Special,Gospel
record_jsVkBUAZ,Management ahead pretty,R&B
record_KLaHkqa6,Wall party building,Soul
record_iTL30RxC,Administration plan,Metal
record_3B29FD14,Would determine,Soul
record_mcKqko9J,Fund ability,Electronic
record_BbT_seo0,Member claim everyone,Hip-Hop
record_Yt-0CYHY,Yard address,Blues
record_HfVRbpF_,Mr brother,Country
record_XVBGfEp6,Nation start,Techno
record_so84XuCo,Own performance,Jazz
record_jLN3CRL3,Customer radio sea,Techno
record_9PGDade0,Bring official,Gospel
record_qVeE1_wk,Win consumer site,Techno
record_coilRiOs,Claim century discussion,Rock
record_2EHblm_v,Argue we,Techno
record_erAEdDI4,Leg know fine,Hip-Hop
record_C5fDlgmu,Make pressure,Soul
record_V3xj58lo,Black son since bad,R&B
record_0w1XVF_t,Foot determine,Punk
record_LEHUSb8E,Shoulder now research item,Funk
record_-izyuEN6,Really great,Electronic
record_1--NEqTZ,Pressure grow drug,Techno
record_HsmaRoR7,Fire during would especially,Metal
record__Q0eaQMV,Alone relationship by,Classical
record_eHRBDBl9,Two travel even,Rock
record_OM62aOIw,National red,Gospel
record_Wm6m7ORA,Material bank assume leave,Disco
record_ReqMz9US,Change adult,Indie
record_ueL2W_La,Miss student,Funk
record_G1Ovj8Wu,Place condition success,Funk
record_Mf0tkyO3,Across easy oil,Indie
record_V-L1nUtj,Right service,Gospel
record_6tgU3Wpc,Not,Latin
record_FiDnHK7F,They society,R&B
record_IstdDayD,Would feeling,Soul
record_MSHtNwRp,Husband her any,Electronic
record_phRbcVQD,Either send order,R&B
record_JgeO4SGg,Finally necessary east,Jazz
record_2JQfmjkW,Sound wait,Classical
record_Nv8MHnmq,Claim child,Pop
record_YLrxK0cL,Fish foreign card,Folk
record_XXzIYSmv,Either pass,Soul
record_yrn_lx48,Candidate source,Gospel
record_5pISS_Um,Design fall,Blues
record_l-b-8dir,Stop watch different,Indie
record_0y4Gn7si,Yeah include view sure,Electronic
record_JWh_mrEP,Rise hear,Punk
record_XjLH4s0h,Rock,Hip-Hop
record_Kr7-MHRX,Black movement,R&B
record_apsJqFY5,Build forward,Electronic
record_XNkows4y,Necessary soldier,Soul
record_f4kw4aLT,Official bed,Metal
record_AxmR6brO,Sign partner enter,Jazz
record_kSYM1AUY,Writer,Techno
record_4lEYumiA,Personal do physical,Classical
record_As7kM6Cc,Enough main nearly,R&B
record_0pBrEKo2,Option,Folk
record_qO33zGBN,Method some,Gospel
record_qARtu3Xg,Those spring baby,Electronic
record_0GFYkvyW,Cause she customer,Classical
record_X95-IH5K,Area long investment,Classical
record_BFbD8ciG,Part,Gospel
record_HQmIO6Qr,Sit cell deep,Electronic
record_wnwe5LLi,Everything media,Latin
record_9NgLmVsi,Describe play,Gospel
record_TsIy5buf,Itself camera upon,Punk
record_63jkVCsF,Across,Soul
record_ZIeWCPP4,Interesting ability,Punk
record_zIe-VE5K,Than then near,Punk
record_vwSjx1ay,Her,Funk
record_DC9Ggd9E,Technology,Reggae
record_8xyzlUWa,Data,Reggae
record_hca0JpZ2,Candidate down third,Metal
record_0O4A1uPH,Study fact tend,Funk
record_Q99mDPk4,Gas risk,Techno
