record_id,video_url
record_rfmlrRfx,https://www.haas.com/
record_ox3Cb0Gn,http://johnson-lopez.com/
record__xm5sgJi,http://jones.com/
record_MYJSTjgN,http://walker-sanchez.org/
record_gWcAXHNX,http://www.bradley.com/
record_NX80fj_s,https://www.russell-diaz.biz/
record_1sLXxrAi,http://www.white.com/
record_3gDYPR4m,http://www.williams.com/
record_1487gZZ9,http://www.williams.net/
record_lyI0ZEDE,http://marquez-martin.com/
record_-W-GocE-,http://www.fuentes-jarvis.biz/
record_ekybfggL,http://flynn.com/
record_N3GEiW22,http://michael.org/
record_kHiIlK-R,http://ramos.biz/
record_O5FMHr_v,https://meyers.biz/
record_El7mLdPZ,http://johnson-hall.com/
record_xfeCLreT,https://white.info/
record__k2HnkDe,https://www.hudson.com/
record_PTgE_grv,http://www.stanley.com/
record_WLG99NJ1,https://stephens.com/
record_ce_qe3ta,http://fox.net/
record_LwkJ5JCi,https://www.bullock-ramos.com/
record_dkbIBGGV,https://www.thompson-valentine.net/
record_Pu4rJ4Bp,https://www.howell.com/
record_FW5BXlko,http://robinson.com/
record_EqH_5bOv,https://www.morales.com/
record_o-0EUlaG,http://www.wright.com/
record_L_NigRZd,http://www.brewer-lynch.com/
record_ArdMJStm,https://johnson.info/
record_Sr4UlpOp,https://www.medina.biz/
record_XE5NDavd,http://jennings-moss.com/
record_aMYhc4ft,https://www.powell.com/
record_dYhVxHwt,http://hogan.biz/
record_tsVpRXiC,http://www.hardin-cummings.org/
record_dyp6cgb0,http://chambers.net/
record_4Fa9uTeV,http://parker.com/
record_2zZIrqYT,https://www.brown-martinez.net/
record_35ngv_My,http://mann.com/
record_Tvggw1Ba,http://www.lopez-oliver.com/
record_J0_SIDum,http://mitchell-maxwell.com/
record_DE_oS76Y,https://www.edwards.info/
record_HsDLz5sk,http://burch.com/
record_DRO8vfVQ,http://www.smith-sharp.org/
record_spTcrxX3,https://logan-olson.com/
record_uHLSH86e,https://wilson.net/
record_CRZu7Rt7,https://www.swanson-herring.info/
record_Szq0xAdr,https://www.anthony-rojas.com/
record_-mBMjvsW,http://blankenship.com/
record_VVTgykFm,http://ashley.net/
record_7xYhx8Do,http://www.nunez-mccann.com/
record_X7fxMOd0,https://sanchez.com/
record_wfp9s1lY,http://wade.org/
record_4BWVOEiU,https://wright-mcbride.net/
record_7Lzoh-jg,http://www.bradley.com/
record_wQh7Nlg3,http://thomas.info/
record_4ydK9qUD,http://www.walsh-bailey.com/
record_7HScrf9O,http://www.david.net/
record_DfoU1lcE,https://barnes-watts.com/
record_FIRDRYvL,https://www.harvey-freeman.com/
record_YZL5UJGY,http://www.lowe-parker.com/
record_hQN8jUPP,https://mathis-jones.com/
record_2UGYwMVP,https://www.tucker.com/
record_mDqvnHAA,https://www.deleon.com/
record_teZevWYu,https://horn-sullivan.info/
record_L9Phfwgr,https://www.trevino.com/
record_QkDdfYgc,https://campos.com/
record_42899DD6,https://www.davis.com/
record__gArKN_B,http://dalton.com/
record_p65RFBmw,http://www.schroeder.biz/
record_jpHrzaUU,https://scott.org/
record_o7aUc_BH,https://www.jensen.com/
record_g6Tqwuib,http://cohen.com/
record_2eURwtHV,https://www.swanson.biz/
record_ou3JN5uO,http://moore.com/
record_Jjzyn9Dd,https://curry-chambers.com/
record_1uB8ebif,https://www.woods.info/
record__3Epesz7,http://www.greer.com/
record_A9nTcIWM,https://smith-pollard.biz/
record_rZXoDJfU,https://reed.net/
record_aDUkRELE,https://www.stuart.com/
record_w0i85vtS,https://www.gonzales.info/
record_yGqN1a3q,http://nicholson.net/
record_uNTF9E9B,https://www.bishop.info/
record_dmWoHvw5,http://www.flores.org/
record_hCCF8AoG,http://www.terrell.com/
record_asbiwcyp,https://graham.com/
record_INlvPsaq,http://murphy-spencer.biz/
record_EHPzW6NX,http://www.harvey.biz/
record_FfYhjBLq,https://jenkins-harrison.com/
record_DhMrmLMM,https://fernandez.com/
record_pNm2Kbu3,http://young.net/
record_dxZjfNVb,http://www.decker.org/
record_u1y0-1ky,https://www.paul-khan.com/
record_QkLfYlhc,https://osborn.com/
record_mZIeKqh6,https://www.williams.com/
record_NvihYZ0x,http://logan.com/
record_ZhsS76Iv,https://walker-aguilar.com/
record_3N3TR1uF,http://smith.org/
record_Fj2iBZOH,https://wood.com/
record_g0G7J7XB,https://www.boyd-thomas.com/
record_yFmeZAla,http://jones.com/
record_bG0tjI3I,https://brennan.com/
record_bRXOEUQR,https://www.pruitt.com/
record_jyqpRNdR,http://spencer-wolf.com/
record_SONVulLW,https://www.cross.org/
record_JgKPdFN4,http://www.rowe.com/
record_TqWoNqOy,http://parker.com/
record_8ZsRwNBh,http://bradford.biz/
record__RNEpN-u,http://hayes.com/
record__2M0PFnK,https://www.wood.com/
record_S7I3H2Um,https://singleton.info/
record_p3_TLS1F,https://burke-montgomery.com/
record_1snzzVAi,https://jones.com/
record__FKxpFPb,http://clark.com/
record_Mvk7aoAM,http://carter.biz/
record_u-PJFQXj,http://www.nguyen.com/
record_zqeRnGnh,https://frazier.com/
record_OhXxghxL,https://thompson.com/
record__TzJq077,https://powers.info/
record_k-5YGOOE,https://pratt.info/
record_J_FUP0zv,https://www.greene.org/
record_jkm2CSDv,http://www.choi.biz/
record_EP4UfL9a,https://www.preston-black.com/
record_lbd19GJB,https://brown-lee.com/
record_9i6Xv84O,http://www.wright-campos.com/
record_QSXx2NRz,http://costa.com/
record_oh49HQxu,https://www.forbes.org/
record_o390P0sv,http://myers.com/
record_zBMEwmgE,http://www.harris.com/
record_rrYOqMMi,http://www.freeman-ellis.com/
record_-Sb-VXhj,http://mcguire.org/
record_d4YCQkZp,http://www.choi-kline.org/
record_Rz8FlliL,http://prince.com/
record_sKn5z8c6,http://www.smith-lewis.info/
record_G9ofhtD6,http://bailey.info/
record_OWcQWnj7,https://ramirez.biz/
record_AyKmA-X_,http://james-lamb.com/
record_DE5T6J1L,https://parks.biz/
record_BPBcke6s,http://melton.com/
record_llblnTLL,http://www.cruz.com/
record_kCIatZo2,http://www.davis.org/
record_hJccYc8z,https://www.hernandez.net/
record_nueLxkGi,http://horne.info/
record_PWKdtEkv,http://www.decker.com/
record_3sD7j38B,https://www.nunez.com/
record_keyGqJJC,https://morton.com/
record_4YSPcHgg,http://maxwell.com/
record_-TEqrUmp,http://www.rowland.info/
record_HKu2LoAS,https://www.baldwin.org/
record_s1oyEl5_,http://www.davis.com/
record_2c21Pg0K,https://jones-smith.net/
record_l8mS8yM1,https://braun-rowland.com/
record_f9YLO0JR,https://estrada-roberts.com/
record_nP7r2NXR,http://brown.com/
record_ZbwFoPk_,http://barron.com/
record_ZYnWSSwI,http://www.lopez.com/
record_SO0-u0dV,http://www.james.net/
record_id7GWkgn,https://nolan.com/
record_lwqGcRK3,https://www.soto-whitaker.com/
record_YePrZd0U,http://lopez.info/
record_MJEyiO22,https://frederick-navarro.com/
record_CasSsfZE,http://www.rhodes-castro.com/
record_i4vXXVUt,https://smith.com/
record_pXPE2Kyg,http://www.smith.com/
record_sjZRzUgS,https://www.collier.biz/
record_-FlXuJ31,http://russell-moore.com/
record_Impd_qSL,http://www.hicks.info/
record_KTLsXgRT,https://www.jackson.biz/
record_0DcWWj6d,http://daugherty.info/
record_c0WGFvrs,https://soto-moore.biz/
record_gasAi6pk,http://juarez-coleman.com/
record_0nJUqhcs,https://www.mcintyre-garcia.org/
record_Jgalwm3Z,https://www.lloyd.com/
record__a3xe1OA,http://foster.org/
record_JsyQb8VL,http://stewart-williams.com/
record_8K3gveU9,http://www.fields.com/
record_qOo7QQ1U,https://www.fox.info/
record_ZCSRvT1k,https://cook-poole.info/
record_aWgW7m63,https://young-washington.com/
record_a9iCg-zo,https://www.jordan-ray.net/
record_qFwdI4vJ,https://duffy.com/
record_paOuDAZH,http://stevens-hall.com/
record_iP2XgJxf,http://www.hayes-stevens.com/
record_doobvh90,http://walker.info/
record_jj7OcZFB,https://www.smith.com/
record_jc-bfwq0,https://www.allen.com/
record_AChx0Ddl,https://www.schneider-fisher.com/
record_ZNoduLSZ,http://sanchez.net/
record_hj7Y2ypA,http://www.smith.org/
record_uuIPPgaE,https://www.young-brown.info/
record_aScrQmG1,https://powell.com/
record_IQKeVCly,http://www.duran.org/
record_RIdtGT0V,https://www.roy.com/
record_WLZ2cITM,http://thornton.org/
record_o5_Wxsgi,http://wood.com/
record_dqJtODYk,http://www.adams-hodges.com/
record_ot_RVHhw,https://hill-phelps.com/
record_pfxpz2bX,http://webster.com/
record_BQ2JQ_Pj,http://scott.com/
record_nQfsQ6Co,https://cunningham.com/
record_3fLGPTfG,http://estrada-armstrong.com/
record_KO3z9gC2,http://smith-williams.com/
record_K64TeExr,https://www.berry-oconnell.net/
record_bQBWZD8D,http://chen.biz/
record_kV2ihBIa,https://lewis-anderson.com/
record_ZGopq_UK,http://www.evans-mills.com/
record_wgompdPa,https://villanueva.com/
record_nGlvEaiJ,https://www.gross.com/
record_5GHdWMbQ,https://nguyen.com/
record_u8e4OQne,https://www.cole.com/
record_jHllve6d,https://www.ruiz-hill.org/
record_c7ki6HFb,http://www.lopez.com/
record_GJPvQj1u,https://www.miller-leblanc.biz/
record_XeCbp3Nm,https://www.mora.org/
record_9hlJcU8G,http://www.mejia-myers.com/
record_h5DhllfY,http://rich.com/
record_nFiPzLB-,http://www.rogers.net/
record_itYxpyMY,https://gray.com/
record_RKP6yqbE,http://griffin-norman.com/
record_zKVi8D2c,https://www.mccoy.com/
record_NPnub0jY,http://cooper.com/
record_BACcZKJT,https://www.chavez.com/
record_jazNHMKQ,https://www.jones-white.net/
record_GQ-xLi0o,https://www.johnson.info/
record_--4_Ht0N,https://smith-ho.com/
record_wbsCq4Sx,http://www.garza-wilson.com/
record_zjNIsELz,http://www.martin-davila.com/
record_N0VtSSBm,https://martinez.info/
record_XvhUEAfv,https://www.hubbard.com/
record_9wapSNbl,http://www.bell.org/
record_4-YD7ggN,https://www.lopez.com/
record_btS5uG6m,http://www.smith.com/
record_6cMOhetz,https://www.jackson.biz/
record_d8fR-7pY,http://www.jackson.com/
record_gbjKTa9A,http://mitchell.info/
record_dEvCMpSn,http://www.chambers.com/
record_2dc4MM5W,http://www.lee-carter.biz/
record_3jUj1Mlw,https://www.austin-bonilla.com/
record_bt0yFt4j,http://arroyo.com/
record_uYfLJ1AZ,https://hull-robertson.com/
record_9WSnH7xj,https://www.romero.com/
record_rxzZ60M7,https://fitzpatrick.com/
record_eRzlL9zf,http://miles-burns.com/
record_IQ5I1QMW,https://anderson-jones.com/
record_EiA6hbF-,https://everett.org/
record_MdwgKrMl,https://www.spencer.biz/
record_YlGerra-,http://www.barker.com/
record_9oWzxDbW,https://www.jones.com/
record_-2WQnPOg,http://house-martinez.org/
record_U0X7quUS,http://ponce.com/
record_GFGBbmMb,http://www.zimmerman.com/
record_Ml3ptOqJ,http://www.miller.biz/
record_3JBizm_h,http://www.allen-walton.com/
record_D4GVEsYl,https://montes.com/
record_l4x6LAcR,http://gomez.com/
record_190CbjDc,http://www.torres-miller.com/
record_iqEbraP2,https://www.hansen-cunningham.org/
record_YtUmWzLL,http://love.com/
record_TRL41Wb4,http://bolton.com/
record_olCyfVRe,http://www.sellers-armstrong.org/
record_ISdvmmso,http://www.franklin-summers.com/
record__zXFrTq4,https://www.carrillo-jones.com/
record_PcRE2AfZ,http://www.ward-contreras.com/
record_Gu2hkEks,https://www.ferguson.com/
record_mOCMikvj,http://www.gilmore.com/
record_TD2d2fyq,http://www.bates-adams.com/
record_CRmKW8qw,https://www.moore.net/
record_dYNVe-Nx,https://clark-fitzpatrick.com/
record_PbbqY_1q,https://www.price-rodriguez.com/
record_8u6O1XFC,http://bright-davis.com/
record_nddEYXwc,http://jackson.com/
record_sCkFJGOr,http://www.juarez-barber.com/
record_icMji2yA,https://www.bryant.com/
record_XWvGOKqj,https://huang-myers.com/
record_51zx5w5v,https://www.castaneda.com/
record_3nEeNw8K,https://www.higgins.com/
record_ooOei41M,https://www.perez.com/
record_X4Gdy0pQ,http://www.mckenzie.info/
record_pFuS7QTn,http://young.com/
record_kajkYA6q,https://dixon.com/
record_q2sV716m,https://www.gray-brown.com/
record_lzWJ0Y8Z,http://www.smith.info/
record_66k4BC_D,https://spencer.com/
record_zPNakhXh,http://www.hill.net/
record_yuJEnrBd,http://www.johnson-jordan.com/
record_pDTohdKL,https://www.baker.com/
record_Wr_bHeYF,http://taylor-erickson.com/
record_rQjg2Dc0,https://www.hubbard.biz/
record_IGkGJgCJ,http://www.lopez.com/
record_qZjEnJJ9,http://www.nelson.com/
record_XFzLDCnK,https://www.olsen.com/
record_hID-1fd4,https://www.mclean.info/
record_5N0-XMbE,https://phillips.com/
record_44L4MzoT,http://www.ramos-jones.com/
record_-4Zyng4Y,https://www.love.com/
record_o5vwmLQw,https://www.anderson-goodwin.org/
record_zPWrkwmV,https://www.evans.org/
record_ig8adWqL,https://www.cook.com/
record_VyjsQLuk,https://www.leonard.com/
record__khRIuXG,https://www.vang.com/
